seed,round,trial,H_over_R,H_over_strut_d,cable_over_strut_d,twist_deg,t180,e_rebound,e_reb_mJ,mass_g,print_scale,R_print_mm,H_print_mm,strut_d_print_mm,cable_d_print_mm,envelope_cm3,t1000,peak_tendon_strain,peak_tendon_energy_mJ,stroke_mm,in_180_g,out_180_g,pulse_ms,feasible,hv,best_t180,best_e_reb_mJ,best_peak_tendon_strain
6,0,0,3.50003,8.70975,0.764035,66.9382,0.878311,0.61596,186.232,20.23,0.722967,17.5576,61.4522,7.05556,5.3907,59.514,0.880026,0.0699749,21.6121,12.213,208.029,182.714,4.08,True,0.00304944,0.878311,186.232,0.0699749
6,0,1,1.78782,15.3951,0.447688,49.2048,0.643823,0.608256,183.903,20.23,1.0893,51.7897,92.5905,6.01429,2.69252,780.193,0.642698,0.236851,289.788,30.467,208.642,134.329,4.06,False,0.00304944,0.878311,186.232,0.0699749
6,0,2,2.56748,6.83128,0.689897,76.7221,0.894705,0.616118,186.28,20.23,0.627584,20.7771,53.3447,7.80888,5.38733,72.3451,0.898543,0.0712994,30.945,16.6278,208.059,186.152,4.08,True,0.00304944,0.878311,186.232,0.0699749
6,0,3,4.30788,13.517,0.34995,59.6161,0.658689,0.612644,185.229,20.23,1.14018,22.4973,96.9155,7.16988,2.5091,154.1,0.65474,0.292392,90.1718,9.12323,208.164,137.115,4.06,False,0.00304944,0.878311,186.232,0.0699749
6,0,4,3.82069,6.54218,0.560407,54.1127,0.854841,0.615477,186.086,20.23,0.693415,15.4266,58.9402,9.00927,5.04886,44.0658,0.85665,0.0829106,21.8669,9.77381,208.014,177.819,4.08,True,0.00777688,0.854841,186.086,0.0699749
6,0,5,2.6467,13.1876,0.900315,72.0098,0.870527,0.615515,186.097,20.23,0.828692,26.6138,70.4388,5.34127,4.80883,156.739,0.879765,0.0899231,49.3208,12.0077,208.094,181.152,4.06,True,0.00777688,0.854841,186.086,0.0699749
6,0,6,1.88985,11.3312,0.319604,44.5607,0.636142,0.608348,183.93,20.23,1.02035,45.8923,86.7294,7.65403,2.44626,573.846,0.63431,0.282297,298.964,31.2228,208.636,132.722,4.06,False,0.00777688,0.854841,186.086,0.0699749
6,0,7,3.08097,17.9754,0.635911,61.8352,0.71963,0.6127,185.246,20.23,1.12502,31.0379,95.6267,5.31986,3.38296,289.41,0.719476,0.173175,99.9737,9.47729,208.191,149.821,4.08,False,0.00777688,0.854841,186.086,0.0699749
6,0,8,3.26687,7.79947,0.268079,73.5671,0.674379,0.611996,185.033,20.23,0.889617,23.1467,75.6174,9.6952,2.59908,127.278,0.678717,0.281583,113.004,9.88435,208.194,140.402,4.08,False,0.00777688,0.854841,186.086,0.0699749
6,1,9,3.88522,9.25852,0.677964,40.6598,0.836512,0.615277,186.025,20.23,0.797424,17.4459,67.7811,7.32094,4.96333,64.8102,0.832823,0.0882454,26.0523,9.87263,208.037,174.026,4.08,True,0.0113711,0.836512,186.025,0.0699749
6,1,10,4.4,5,0.916667,40,0.894333,0.61545,186.078,20.23,0.479676,9.26646,40.7724,8.15449,7.47495,10.9988,0.965704,0.0422252,17.7532,11.4928,207.997,186.019,4.08,True,0.0113711,0.836512,186.025,0.0422252
6,1,11,3.64889,11.9612,0.707243,40,0.817229,0.614932,185.921,20.23,0.905184,21.0861,76.9406,6.43254,4.54937,107.472,0.816328,0.10421,38.3075,9.06926,208.078,170.048,4.06,True,0.0148444,0.817229,185.921,0.0422252
6,1,12,1.91615,5,0.811792,40,0.978025,0.614703,185.852,20.23,0.458796,20.3521,38.9977,7.79954,6.33161,50.7464,1.03583,0.0604173,39.3801,30.0041,208.446,203.866,4.06,True,0.0148444,0.817229,185.852,0.0422252
6,1,13,4.4,18.3333,0.916667,55.9353,0.801788,0.615326,186.04,20.23,1.04481,20.1838,88.8087,4.84411,4.44044,113.661,0.795004,0.100772,32.2749,5.81517,208.026,166.793,4.08,True,0.0177452,0.801788,185.852,0.0422252
6,1,14,4.38026,14.5737,0.916667,40,0.822839,0.615322,186.039,20.23,0.920088,17.8545,78.2075,5.36633,4.91914,78.3241,0.81935,0.0880641,25.8677,9.24129,208.027,171.173,4.08,True,0.0179223,0.801788,185.852,0.0422252
6,1,15,4.4,10.7547,0.692193,40,0.824249,0.615341,186.045,20.23,0.872135,16.8481,74.1315,6.89295,4.77125,66.1078,0.818813,0.0937137,25.5652,9.11132,208.019,171.46,4.08,True,0.0179223,0.801788,185.852,0.0422252
6,1,16,2.61855,5,0.916667,40,0.837138,0.615264,186.021,20.23,0.451531,14.657,38.3802,7.67603,7.03636,25.9029,0.864866,0.045388,20.9394,20.3402,208.169,174.266,4.06,True,0.0199082,0.801788,185.852,0.0422252
6,1,17,3.39406,5,0.561795,43.8377,0.864411,0.615271,186.024,20.23,0.581473,14.5623,49.4252,9.88505,5.55337,32.9273,0.881743,0.0719886,18.392,13.285,208.035,179.828,4.08,True,0.0199082,0.801788,185.852,0.0422252
6,2,18,1.5,5,0.542084,80,0.906551,0.614201,185.7,20.23,0.521637,29.5594,44.3392,8.86783,4.80711,121.711,0.918681,0.104078,97.3423,15.3729,208.27,188.808,4.06,True,0.0199082,0.801788,185.7,0.0422252
6,2,19,1.5,5,0.916667,80,0.933101,0.616052,186.26,20.23,0.40948,23.2039,34.8058,6.96117,6.38107,58.874,0.975172,0.0598142,47.0953,27.0069,208.286,194.352,4.06,True,0.0199082,0.801788,185.7,0.0422252
6,2,20,3.11618,5,0.916667,80,0.919778,0.615825,186.191,20.23,0.461909,12.5995,39.2623,7.85246,7.19809,19.5809,0.962331,0.0400957,19.6163,11.6697,207.803,191.132,4.1,True,0.0199082,0.801788,185.7,0.0400957
6,2,21,1.67518,5,0.506176,50.5927,0.853126,0.612545,185.199,20.23,0.5543,28.1256,47.1155,9.42309,4.76974,117.089,0.851433,0.103657,82.1085,21.6542,208.379,177.774,4.04,True,0.0199082,0.801788,185.199,0.0400957
6,2,22,1.5,5,0.579417,80,0.902175,0.614675,185.843,20.23,0.508324,28.805,43.2076,8.64151,5.00704,112.628,0.915207,0.0959354,87.687,20.5887,208.262,187.889,4.06,True,0.0199082,0.801788,185.199,0.0400957
6,2,23,4.4,5,0.692004,80,0.924404,0.615862,186.202,20.23,0.546532,10.558,46.4552,9.29104,6.42944,16.2685,0.93548,0.0482809,14.9833,8.45634,207.906,192.189,4.08,True,0.0199082,0.801788,185.199,0.0400957
6,2,24,1.5,5,0.916667,40,1.00395,0.613679,185.542,20.23,0.410244,23.2471,34.8707,6.97414,6.39297,59.2039,1.06846,0.0640134,61.2006,36.4993,208.639,209.464,4.04,True,0.0199082,0.801788,185.199,0.0400957
6,2,25,1.5,5,0.500549,80,0.910936,0.613526,185.496,20.23,0.536984,30.4291,45.6436,9.12872,4.56937,132.772,0.922434,0.114797,110.342,11.095,208.286,189.735,4.06,True,0.0199082,0.801788,185.199,0.0400957
6,2,26,1.5,5,0.534918,40,0.878238,0.611266,184.813,20.23,0.534926,30.3125,45.4687,9.09375,4.86441,131.252,0.874523,0.100028,106.157,21.7637,208.481,183.096,4.04,True,0.0199082,0.801788,184.813,0.0400957
6,3,27,3.22329,5,0.916667,40,0.837541,0.615487,186.089,20.23,0.463978,12.2354,39.4382,7.88763,7.23033,18.5481,0.895308,0.0410619,19.4016,15.5622,208.047,174.248,4.06,True,0.0201461,0.801788,184.813,0.0400957
6,3,28,3.23141,10.027,0.916667,40,0.848494,0.615084,185.967,20.23,0.716684,18.8519,60.9181,6.07543,5.56914,68.0153,0.861966,0.0716825,24.3429,12.723,208.096,176.568,4.08,True,0.0201461,0.801788,184.813,0.0400957
6,3,29,3.69106,5,0.877932,40,0.872238,0.61544,186.075,20.23,0.481868,11.0968,40.9588,8.19176,7.19181,15.8449,0.947039,0.0432753,18.2029,13.1628,207.999,181.424,4.06,True,0.0201461,0.801788,184.813,0.0400957
6,3,30,3.28567,13.9026,0.916667,40,0.829217,0.614873,185.903,20.23,0.870686,22.5245,74.0083,5.32334,4.87973,117.962,0.827877,0.0918957,37.8179,10.5559,208.113,172.57,4.06,True,0.0201461,0.801788,184.813,0.0400957
6,3,31,3.21313,7.4687,0.916667,40,0.857975,0.615017,185.947,20.23,0.597978,15.8189,50.8281,6.80549,6.23836,39.9581,0.887431,0.0569417,18.6629,13.1378,208.064,178.514,4.08,True,0.0201461,0.801788,184.813,0.0400957
6,3,32,4.4,14.3534,0.916667,80,0.865442,0.615821,186.19,20.23,0.911794,17.6142,77.5025,5.39959,4.94962,75.5426,0.857013,0.0752338,19.9296,8.16073,207.964,179.981,4.08,True,0.0201461,0.801788,184.813,0.0400957
6,3,33,3.56737,5,0.916667,53.5068,0.905308,0.615562,186.112,20.23,0.469609,11.1894,39.9167,7.98335,7.31807,15.7007,0.980045,0.041285,18.79,13.3131,207.926,188.237,4.08,True,0.0201461,0.801788,184.813,0.0400957
6,3,34,4.4,5,0.507691,40,0.867439,0.615425,186.07,20.23,0.614059,11.8625,52.195,10.439,5.29979,23.0744,0.871534,0.078264,15.1101,9.82388,207.971,180.403,4.08,True,0.0201461,0.801788,184.813,0.0400957
6,3,35,4.4,17.4881,0.916667,80,0.845392,0.61567,186.144,20.23,1.01758,19.6579,86.4946,4.9459,4.53374,105.005,0.836066,0.0896707,25.9122,7.41656,207.961,175.809,4.08,True,0.0201461,0.801788,184.813,0.0400957
6,4,36,2.91657,5,0.916667,40,0.815388,0.615462,186.081,20.23,0.458191,13.3534,38.9462,7.78924,7.14014,21.8173,0.845365,0.0426825,20.0922,17.8582,208.094,169.677,4.06,True,0.021229,0.801788,184.813,0.0400957
6,4,37,4.4,16.3358,0.916667,40,0.807916,0.615248,186.017,20.23,0.981132,18.9537,83.3962,5.10513,4.6797,94.1203,0.801765,0.0963757,29.5774,8.25735,208.035,168.075,4.08,True,0.0212618,0.801788,184.813,0.0400957
6,4,38,2.67894,5,0.512938,40,0.873036,0.614956,185.928,20.23,0.587603,18.644,49.9463,9.98925,5.12386,54.5422,0.870598,0.086862,32.6875,18.5581,208.147,181.72,4.06,True,0.0212618,0.801788,184.813,0.0400957
6,4,39,4.4,14.1249,0.814471,59.3337,0.824296,0.615498,186.092,20.23,0.952649,18.4034,80.9752,5.73281,4.6692,86.1588,0.817593,0.0907669,26.9103,7.06654,208.012,171.464,4.08,True,0.0212618,0.801788,184.813,0.0400957
6,4,40,4.4,5,0.491629,80,0.896231,0.61582,186.19,20.23,0.617599,11.9309,52.4959,10.4992,5.16171,23.4758,0.890676,0.0708699,12.5178,9.10809,207.944,186.366,4.08,True,0.0212618,0.801788,184.813,0.0400957
6,4,41,3.43221,5,0.525363,80,0.90681,0.615971,186.235,20.23,0.592753,14.6798,50.384,10.0768,5.29398,34.1099,0.915003,0.0699225,16.8734,11.9468,207.957,188.577,4.08,True,0.0212618,0.801788,184.813,0.0400957
6,4,42,2.72347,5,0.54132,40,0.864931,0.615036,185.953,20.23,0.577276,18.0169,49.0685,9.8137,5.31235,50.0394,0.85976,0.0804604,28.4437,18.058,208.142,180.029,4.06,True,0.0212618,0.801788,184.813,0.0400957
6,4,43,4.4,17.5933,0.916667,40,0.797284,0.615189,185.999,20.23,1.02186,19.7405,86.8582,4.937,4.52558,106.335,0.789501,0.102405,32.413,7.46234,208.043,165.869,4.08,True,0.0220812,0.797284,184.813,0.0400957
6,4,44,3.4691,5,0.916667,41.2151,0.859379,0.615427,186.071,20.23,0.468016,11.4674,39.7814,7.95628,7.29326,16.4345,0.934088,0.041343,18.96,14.2138,208.016,178.765,4.06,True,0.0220812,0.797284,184.813,0.0400957
