i,H_over_R,H_over_strut_d,cable_over_strut_d,twist_deg,t180,e_rebound,e_reb_mJ,mass_g,print_scale,R_print_mm,H_print_mm,strut_d_print_mm,cable_d_print_mm,envelope_cm3,feasible,ok,source,weight,pareto
,1.5,5.076,0.270199,40,0.582498,0.613925,185.617,20.23,0.663045,37.5726,56.3589,11.103,3.00002,249.95,True,True,polish,0.95,True
,1.5,5.07601,0.270199,40,0.582498,0.613925,185.617,20.23,0.663046,37.5726,56.3589,11.103,3.00002,249.951,True,True,polish,0.95,True
,1.5,5.07601,0.270199,40,0.582498,0.613925,185.617,20.23,0.663045,37.5726,56.3589,11.103,3.00002,249.951,True,True,polish,0.95,True
,1.5,5.076,0.270199,40,0.582498,0.613925,185.617,20.23,0.663045,37.5726,56.3588,11.103,3.00002,249.95,True,True,polish,0.95,True
,1.5,5.07601,0.2702,40,0.582498,0.613925,185.617,20.23,0.663045,37.5726,56.3589,11.103,3.00002,249.95,True,True,polish,0.95,True
,1.5,5.076,0.2702,40,0.582498,0.613925,185.617,20.23,0.663045,37.5726,56.3588,11.103,3.00003,249.95,True,True,polish,0.95,True
,1.5,5.07601,0.2702,40,0.582498,0.613925,185.617,20.23,0.663045,37.5726,56.3589,11.103,3.00003,249.95,True,True,polish,0.95,True
,1.5,5.07601,0.270201,40,0.582498,0.613925,185.617,20.23,0.663045,37.5726,56.3588,11.103,3.00003,249.95,True,True,polish,0.95,True
,1.5,5.07601,0.270201,40,0.582498,0.613925,185.617,20.23,0.663045,37.5725,56.3588,11.103,3.00003,249.95,True,True,polish,0.95,True
,1.5,5.07602,0.270202,40,0.582498,0.613925,185.617,20.23,0.663045,37.5726,56.3588,11.103,3.00004,249.95,True,True,polish,0.95,True
,1.5,5.07602,0.270202,40,0.582498,0.613925,185.617,20.23,0.663045,37.5726,56.3589,11.103,3.00004,249.95,True,True,polish,0.95,True
,1.5,5.07601,0.270202,40,0.582498,0.613925,185.617,20.23,0.663045,37.5725,56.3588,11.103,3.00005,249.95,True,True,polish,0.95,True
,1.5,5.07603,0.270203,40,0.582498,0.613925,185.617,20.23,0.663045,37.5726,56.3589,11.1029,3.00005,249.95,True,True,polish,0.95,True
,1.5,5.07602,0.270203,40,0.582498,0.613925,185.617,20.23,0.663045,37.5726,56.3588,11.1029,3.00005,249.95,True,True,polish,0.95,True
,1.5,5.07602,0.270203,40,0.582498,0.613925,185.617,20.23,0.663045,37.5725,56.3588,11.103,3.00005,249.95,True,True,polish,0.95,True
,1.5,5.07604,0.270204,40,0.582498,0.613925,185.617,20.23,0.663045,37.5726,56.3589,11.1029,3.00006,249.951,True,True,polish,0.95,True
,1.5,5.07604,0.270206,40,0.582498,0.613925,185.617,20.23,0.663045,37.5726,56.3589,11.1029,3.00007,249.951,True,True,polish,0.95,True
,1.5,5.07604,0.270207,40,0.582498,0.613925,185.617,20.23,0.663045,37.5725,56.3588,11.1029,3.00008,249.95,True,True,polish,0.95,True
,1.5,5.07598,0.270208,40,0.582502,0.613925,185.617,20.23,0.663039,37.5722,56.3583,11.1029,3.00011,249.944,True,True,polish,0.95,True
,1.5,5.07606,0.270209,40,0.582508,0.613925,185.617,20.23,0.663045,37.5725,56.3588,11.1029,3.0001,249.95,True,True,polish,0.95,True
,1.5,5.07609,0.270215,40,0.582509,0.613925,185.617,20.23,0.663045,37.5725,56.3588,11.1028,3.00014,249.949,True,True,polish,0.95,True
,1.5,5.07585,0.270224,40,0.582513,0.613925,185.617,20.23,0.663021,37.5712,56.3568,11.1029,3.00028,249.923,True,True,polish,0.95,True
,1.5,5.07603,0.270252,40,0.582515,0.613925,185.617,20.23,0.663022,37.5713,56.3569,11.1025,3.00049,249.924,True,True,polish,0.95,True
,1.5,5.07755,0.270384,40,0.582526,0.613924,185.616,20.23,0.66308,37.5746,56.3618,11.1002,3.00132,249.99,True,True,polish,0.95,True
,1.5,5.07683,0.270415,40,0.582545,0.613923,185.616,20.23,0.663008,37.5704,56.3557,11.1006,3.00176,249.908,True,True,polish,0.95,True
,1.5,5.07859,0.270545,40,0.582545,0.613922,185.616,20.23,0.663086,37.5749,56.3623,11.098,3.00252,249.996,True,True,polish,0.95,True
,1.5,5.07703,0.270588,40,0.582549,0.613921,185.615,20.23,0.66294,37.5666,56.3499,11.099,3.00325,249.831,True,True,polish,1,True
,1.5,5.07703,0.270588,40,0.582549,0.613921,185.615,20.23,0.66294,37.5666,56.3499,11.099,3.00326,249.831,True,True,polish,1,True
,1.5,5.07703,0.270588,40,0.582549,0.613921,185.615,20.23,0.66294,37.5666,56.3499,11.099,3.00326,249.831,True,True,polish,1,True
,1.5,5.07702,0.270588,40,0.582549,0.613921,185.615,20.23,0.66294,37.5666,56.3499,11.099,3.00326,249.831,True,True,polish,1,True
,1.5,5.07703,0.270589,40,0.582549,0.613921,185.615,20.23,0.66294,37.5666,56.3499,11.099,3.00326,249.831,True,True,polish,1,True
,1.5,5.07703,0.270589,40,0.582549,0.613921,185.615,20.23,0.66294,37.5666,56.3499,11.099,3.00326,249.831,True,True,polish,1,True
,1.5,5.07703,0.270589,40,0.58255,0.613921,185.615,20.23,0.66294,37.5666,56.3499,11.099,3.00326,249.831,True,True,polish,1,True
,1.5,5.07703,0.27059,40,0.58255,0.613921,185.615,20.23,0.66294,37.5666,56.3499,11.099,3.00327,249.831,True,True,polish,1,True
,1.5,5.07702,0.27059,40,0.58255,0.613921,185.615,20.23,0.662939,37.5665,56.3498,11.099,3.00327,249.83,True,True,polish,1,True
,1.5,5.07704,0.270591,40,0.58255,0.613921,185.615,20.23,0.66294,37.5666,56.3499,11.099,3.00328,249.831,True,True,polish,1,True
,1.5,5.07704,0.270591,40,0.58255,0.613921,185.615,20.23,0.66294,37.5666,56.3499,11.099,3.00328,249.831,True,True,polish,1,True
,1.5,5.07704,0.270592,40,0.58255,0.613921,185.615,20.23,0.66294,37.5666,56.3499,11.099,3.00328,249.831,True,True,polish,1,True
,1.5,5.07705,0.270593,40,0.58255,0.613921,185.615,20.23,0.66294,37.5666,56.3499,11.0989,3.0033,249.831,True,True,polish,1,True
,1.5,5.07705,0.270594,40,0.58255,0.613921,185.615,20.23,0.662939,37.5666,56.3498,11.0989,3.0033,249.83,True,True,polish,1,True
,1.5,5.07707,0.270596,40,0.58255,0.613921,185.615,20.23,0.66294,37.5666,56.3499,11.0989,3.00332,249.831,True,True,polish,1,True
,1.5,5.07707,0.270596,40,0.58255,0.613921,185.615,20.23,0.66294,37.5666,56.3499,11.0989,3.00332,249.831,True,True,polish,1,True
,1.5,5.07706,0.270597,40,0.58255,0.613921,185.615,20.23,0.662939,37.5665,56.3498,11.0989,3.00332,249.83,True,True,polish,1,True
,1.5,5.07709,0.270599,40,0.58255,0.613921,185.615,20.23,0.66294,37.5666,56.3499,11.0989,3.00334,249.831,True,True,polish,1,True
,1.5,5.07708,0.2706,40,0.582551,0.613921,185.615,20.23,0.662938,37.5665,56.3498,11.0989,3.00335,249.829,True,True,polish,1,True
,1.5,5.0771,0.270602,40,0.582551,0.613921,185.615,20.23,0.66294,37.5666,56.3499,11.0988,3.00336,249.831,True,True,polish,1,True
,1.5,5.07711,0.270602,40,0.582551,0.613921,185.615,20.23,0.66294,37.5666,56.3499,11.0988,3.00337,249.831,True,True,polish,1,True
,1.5,5.07712,0.270605,40,0.582551,0.613921,185.615,20.23,0.662939,37.5666,56.3498,11.0988,3.00339,249.83,True,True,polish,1,True
,1.5,5.07711,0.270606,40,0.582551,0.613921,185.615,20.23,0.662939,37.5665,56.3498,11.0988,3.00339,249.83,True,True,polish,1,True
,1.5,5.07716,0.270611,40,0.582551,0.613921,185.615,20.23,0.66294,37.5666,56.3499,11.0987,3.00343,249.831,True,True,polish,1,True
,1.5,5.07715,0.270612,40,0.582552,0.613921,185.615,20.23,0.662939,37.5665,56.3498,11.0987,3.00344,249.83,True,True,polish,1,True
,1.5,5.07689,0.270639,40,0.582559,0.613921,185.615,20.23,0.662905,37.5646,56.3469,11.0987,3.00374,249.791,True,True,polish,1,True
,1.5,5.07835,0.27071,40,0.582562,0.61392,185.615,20.23,0.662988,37.5693,56.354,11.0969,3.00404,249.885,True,True,polish,1,True
,1.5,5.07795,0.270746,40,0.582563,0.61392,185.615,20.23,0.662938,37.5665,56.3497,11.0969,3.00446,249.829,True,True,polish,1,True
,1.5,5.07992,0.27082,40,0.582565,0.61392,185.615,20.23,0.66306,37.5734,56.3601,11.0947,3.00466,249.967,True,True,polish,1,True
,1.5,5.0796,0.270862,40,0.582568,0.613919,185.615,20.23,0.663014,37.5708,56.3562,11.0946,3.00511,249.915,True,True,polish,1,True
,1.5,5.08073,0.271037,40,0.582583,0.613917,185.614,20.23,0.663021,37.5712,56.3568,11.0923,3.00641,249.922,True,True,polish,1,True
,1.5,5.081,0.271195,40,0.582597,0.613916,185.614,20.23,0.662966,37.5681,56.3521,11.0908,3.00775,249.861,True,True,polish,1,True
,1.5,5.08425,0.271569,40,0.582599,0.613913,185.613,20.23,0.663045,37.5726,56.3589,11.085,3.01034,249.951,True,True,polish,0.8,True
,1.5,5.08425,0.271569,40,0.5826,0.613913,185.613,20.23,0.663045,37.5726,56.3589,11.085,3.01034,249.95,True,True,polish,0.8,True
,1.5,5.08425,0.271569,40,0.5826,0.613913,185.613,20.23,0.663045,37.5726,56.3589,11.085,3.01034,249.95,True,True,polish,0.8,True
,1.5,5.08425,0.271569,40,0.5826,0.613913,185.613,20.23,0.663045,37.5726,56.3589,11.085,3.01035,249.95,True,True,polish,0.8,True
,1.5,5.08425,0.27157,40,0.5826,0.613913,185.613,20.23,0.663045,37.5726,56.3588,11.085,3.01035,249.95,True,True,polish,0.8,True
,1.5,5.08424,0.27157,40,0.5826,0.613913,185.613,20.23,0.663045,37.5726,56.3588,11.085,3.01035,249.95,True,True,polish,0.8,True
,1.5,5.08425,0.27157,40,0.5826,0.613913,185.613,20.23,0.663045,37.5726,56.3588,11.085,3.01035,249.95,True,True,polish,0.8,True
,1.5,5.08426,0.271571,40,0.5826,0.613913,185.613,20.23,0.663046,37.5726,56.3589,11.085,3.01035,249.951,True,True,polish,0.85,True
,1.5,5.08426,0.271571,40,0.5826,0.613913,185.613,20.23,0.663046,37.5726,56.3589,11.085,3.01036,249.951,True,True,polish,0.8,True
,1.5,5.08426,0.271571,40,0.5826,0.613913,185.613,20.23,0.663045,37.5726,56.3589,11.085,3.01036,249.95,True,True,polish,0.8,True
,1.5,5.08426,0.271571,40,0.5826,0.613913,185.613,20.23,0.663046,37.5726,56.3589,11.085,3.01036,249.951,True,True,polish,0.85,True
,1.5,5.08426,0.271571,40,0.5826,0.613913,185.613,20.23,0.663046,37.5726,56.3589,11.085,3.01036,249.951,True,True,polish,0.8,True
,1.5,5.08426,0.271572,40,0.5826,0.613913,185.613,20.23,0.663045,37.5726,56.3589,11.085,3.01036,249.95,True,True,polish,0.8,True
,1.5,5.08427,0.271572,40,0.5826,0.613913,185.613,20.23,0.663046,37.5726,56.3589,11.085,3.01037,249.951,True,True,polish,0.8,True
,1.5,5.08426,0.271572,40,0.5826,0.613913,185.613,20.23,0.663045,37.5726,56.3588,11.085,3.01037,249.95,True,True,polish,0.8,True
,1.5,5.08427,0.271573,40,0.5826,0.613913,185.613,20.23,0.663045,37.5726,56.3588,11.0849,3.01037,249.95,True,True,polish,0.8,True
,1.5,5.08427,0.271575,40,0.5826,0.613913,185.613,20.23,0.663045,37.5725,56.3588,11.0849,3.01039,249.949,True,True,polish,0.8,True
,1.5,5.08429,0.271578,40,0.5826,0.613913,185.613,20.23,0.663044,37.5725,56.3588,11.0849,3.01041,249.949,True,True,polish,0.8,True
,1.5,5.08425,0.271581,40,0.582615,0.613913,185.613,20.23,0.66304,37.5723,56.3584,11.0849,3.01045,249.944,True,True,polish,0.8,True
,1.5,5.0843,0.271583,40,0.582616,0.613913,185.613,20.23,0.663043,37.5724,56.3586,11.0848,3.01046,249.947,True,True,polish,0.8,True
,1.5,5.08431,0.271587,40,0.582616,0.613913,185.613,20.23,0.663042,37.5724,56.3586,11.0848,3.01049,249.947,True,True,polish,0.8,True
,1.5,5.08431,0.271589,40,0.582616,0.613913,185.613,20.23,0.663041,37.5723,56.3585,11.0848,3.01051,249.945,True,True,polish,0.8,True
,1.5,5.08432,0.271591,40,0.582616,0.613913,185.613,20.23,0.663041,37.5723,56.3585,11.0848,3.01052,249.945,True,True,polish,0.8,True
,1.5,5.08423,0.271594,40,0.582617,0.613913,185.613,20.23,0.663032,37.5718,56.3578,11.0848,3.01056,249.936,True,True,polish,0.8,True
,1.5,5.08445,0.271614,40,0.582617,0.613912,185.613,20.23,0.66304,37.5722,56.3584,11.0845,3.0107,249.944,True,True,polish,0.8,True
,1.5,5.0844,0.271615,40,0.582619,0.613912,185.613,20.23,0.663035,37.572,56.358,11.0845,3.01072,249.939,True,True,polish,0.8,True
,1.5,5.08439,0.271618,40,0.582619,0.613912,185.613,20.23,0.663033,37.5719,56.3578,11.0845,3.01074,249.937,True,True,polish,0.8,True
,1.5,5.08455,0.271626,40,0.582619,0.613912,185.613,20.23,0.663042,37.5724,56.3586,11.0843,3.01078,249.947,True,True,polish,0.8,True
,1.5,5.08422,0.271629,40,0.582623,0.613912,185.613,20.23,0.663014,37.5708,56.3562,11.0845,3.01088,249.915,True,True,polish,0.8,True
,1.5,5.08483,0.27176,40,0.582634,0.613911,185.612,20.23,0.663,37.57,56.355,11.083,3.0119,249.899,True,True,polish,0.8,True
,1.5,5.08618,0.271874,40,0.582641,0.61391,185.612,20.23,0.663054,37.573,56.3596,11.0809,3.01261,249.96,True,True,polish,0.8,True
,1.5,5.08819,0.272182,40,0.582648,0.613907,185.611,20.23,0.663065,37.5737,56.3605,11.0767,3.01489,249.973,True,True,polish,0.8,True
,1.5,5.08524,0.272335,40,0.582727,0.613904,185.61,20.23,0.662756,37.5562,56.3342,11.078,3.01692,249.623,True,True,polish,0.8,True
,1.5,5.03698,0.270661,40,0.583056,0.613904,185.61,20.23,0.65969,37.3824,56.0736,11.1324,3.0131,246.175,True,True,polish,0.8,True
,1.5,5.03296,0.270545,40,0.583069,0.613904,185.61,20.23,0.659422,37.3672,56.0509,11.1368,3.01299,245.875,True,True,polish,1,True
,1.5,5.04507,0.271594,40,0.583086,0.613897,185.608,20.23,0.659892,37.3939,56.0908,11.118,3.01956,246.401,True,True,polish,0.8,True
,1.5,5.06376,0.27338,40,0.583149,0.613883,185.604,20.23,0.660532,37.4302,56.1453,11.0877,3.03114,247.119,True,True,polish,0.8,True
,1.5,5.03849,0.272504,40,0.5833,0.613883,185.604,20.23,0.658926,37.3392,56.0087,11.1162,3.0292,245.321,True,True,polish,0.55,True
,1.5,5.04235,0.272872,40,0.583306,0.613881,185.603,20.23,0.659059,37.3467,56.02,11.1099,3.03159,245.469,True,True,polish,0.55,True
,1.5,5.05223,0.273643,40,0.583322,0.613876,185.602,20.23,0.659481,37.3706,56.0559,11.0953,3.03615,245.942,True,True,polish,0.8,True
,1.5,5.05749,0.274265,40,0.583339,0.613871,185.6,20.23,0.659604,37.3775,56.0663,11.0858,3.04044,246.078,True,True,polish,0.8,True
,1.5,5.05775,0.274992,40,0.583434,0.613862,185.598,20.23,0.659274,37.3589,56.0383,11.0797,3.04682,245.71,True,True,polish,0.55,True
,1.5,5.06294,0.275574,40,0.583459,0.613858,185.596,20.23,0.659408,37.3665,56.0497,11.0706,3.05077,245.86,True,True,polish,0.8,True
,1.5,5.07209,0.276491,40,0.583491,0.613851,185.594,20.23,0.659698,37.3829,56.0743,11.0555,3.05673,246.184,True,True,polish,0.8,True
,1.5,5.07609,0.277498,40,0.583586,0.613841,185.591,20.23,0.65953,37.3733,56.06,11.0439,3.06468,245.995,True,True,polish,0.55,True
,1.5,5.08338,0.278596,40,0.583641,0.613832,185.588,20.23,0.65958,37.3762,56.0643,11.0289,3.07262,246.051,True,True,polish,0.55,True
,1.5,5.0807,0.27888,40,0.583711,0.613827,185.587,20.23,0.659229,37.3563,56.0344,11.0289,3.07574,245.659,True,True,polish,0.8,True
,1.5,5.09686,0.280115,40,0.583726,0.613819,185.585,20.23,0.659916,37.3953,56.0929,11.0054,3.08278,246.429,True,True,polish,0.8,True
,1.5,5.11306,0.282062,40,0.583802,0.613804,185.58,20.23,0.660256,37.4145,56.1218,10.9762,3.09596,246.809,True,True,polish,0.8,True
,1.5,5.11618,0.283196,40,0.583934,0.613792,185.577,20.23,0.659951,37.3972,56.0959,10.9644,3.10507,246.467,True,True,polish,0.55,True
,1.5,5.12314,0.284137,40,0.584017,0.613784,185.574,20.23,0.660043,37.4025,56.1037,10.951,3.1116,246.571,True,True,polish,0.8,True
,1.5,5.13148,0.28481,40.0724,0.584076,0.61378,185.573,20.23,0.66033,37.4187,56.128,10.938,3.11524,246.892,True,True,polish,0.55,True
,1.5,5.14096,0.286274,40.0042,0.584118,0.613768,185.569,20.23,0.660405,37.4229,56.1344,10.919,3.12584,246.976,True,True,polish,0.55,True
,1.5,5.15302,0.287512,40,0.584148,0.613759,185.566,20.23,0.660751,37.4426,56.1638,10.8992,3.13366,247.365,True,True,polish,0.8,True
,1.5,5.15083,0.287853,40.0869,0.584318,0.613754,185.565,20.23,0.660358,37.4203,56.1305,10.8974,3.13684,246.924,True,True,polish,0.55,True
,1.5,5.18549,0.291904,40,0.584411,0.613723,185.556,20.23,0.661142,37.4647,56.1971,10.8374,3.16347,247.804,True,True,polish,0.8,True
,1.5,5.19276,0.292949,40,0.58448,0.613714,185.553,20.23,0.661196,37.4678,56.2016,10.8231,3.17061,247.864,True,True,polish,0.8,True
,1.5,5.19876,0.294005,40.0151,0.584571,0.613705,185.55,20.23,0.661134,37.4643,56.1964,10.8096,3.17808,247.796,True,True,polish,0.55,True
,1.5,5.20797,0.295333,40,0.584634,0.613694,185.547,20.23,0.661206,37.4683,56.2025,10.7916,3.18713,247.876,True,True,polish,0.55,True
,1.5,5.20992,0.296058,40,0.584697,0.613687,185.545,20.23,0.661,37.4567,56.185,10.7842,3.19276,247.644,True,True,polish,0.8,True
,1.5,5.21698,0.296594,40.0922,0.584817,0.613684,185.544,20.23,0.661229,37.4697,56.2045,10.7734,3.19531,247.902,True,True,polish,0.55,True
,1.5,5.25588,0.301471,40,0.584959,0.613647,185.533,20.23,0.661881,37.5066,56.2599,10.7042,3.22699,248.636,True,True,polish,0.8,True
,1.5,5.25465,0.301432,40,0.58498,0.613647,185.533,20.23,0.661805,37.5023,56.2534,10.7055,3.22696,248.55,True,True,polish,0.8,True
,1.5,5.27199,0.303761,40.0368,0.585124,0.613629,185.527,20.23,0.661962,37.5112,56.2668,10.6728,3.24197,248.727,True,True,polish,0.55,True
,1.5,5.2744,0.304309,40,0.585144,0.613624,185.526,20.23,0.661895,37.5074,56.2611,10.6668,3.24601,248.652,True,True,polish,0.55,True
,1.5,5.31769,0.309987,40.0376,0.58553,0.613581,185.513,20.23,0.662356,37.5335,56.3002,10.5873,3.28194,249.171,True,True,polish,0.55,True
,1.5,5.30995,0.309792,40,0.585548,0.61358,185.512,20.23,0.661884,37.5068,56.2601,10.5952,3.28231,248.639,True,True,polish,0.8,True
,1.5,5.29342,0.30958,40,0.5857,0.613575,185.511,20.23,0.660725,37.4411,56.1616,10.6097,3.28455,247.336,True,True,polish,0.8,True
,1.5,5.34013,0.31319,40.1106,0.585798,0.613556,185.505,20.23,0.662418,37.537,56.3055,10.5438,3.30222,249.242,True,True,polish,0.55,True
,1.5,5.34928,0.314074,40.1027,0.585809,0.613551,185.503,20.23,0.662674,37.5515,56.3273,10.5299,3.30716,249.53,True,True,polish,0.55,True
,1.5,5.36765,0.316915,40.0455,0.585933,0.613529,185.497,20.23,0.662669,37.5512,56.3269,10.4938,3.32564,249.525,True,True,polish,0.55,True
,1.5,5.3719,0.317591,40,0.585941,0.613523,185.495,20.23,0.662676,37.5516,56.3274,10.4856,3.33012,249.532,True,True,polish,0.55,True
,1.5,5.38284,0.31943,40,0.586048,0.613509,185.491,20.23,0.662575,37.5459,56.3189,10.4627,3.34209,249.419,True,True,polish,0.8,True
,1.5,5.39093,0.320143,40,0.586063,0.613505,185.49,20.23,0.662825,37.5601,56.3401,10.4509,3.34578,249.702,True,True,polish,0.55,True
,1.5,5.38348,0.319898,40,0.586114,0.613505,185.49,20.23,0.662387,37.5353,56.3029,10.4585,3.34564,249.206,True,True,polish,0.8,True
,1.5,5.40602,0.322122,40.009,0.586205,0.613491,185.485,20.23,0.662956,37.5675,56.3513,10.4238,3.35773,249.849,True,True,polish,0.55,True
,1.5,5.40909,0.32244,40.0392,0.586221,0.613489,185.485,20.23,0.663009,37.5705,56.3558,10.4187,3.35941,249.91,True,True,polish,0.55,True
,1.5,5.4074,0.322535,40,0.586225,0.613487,185.484,20.23,0.662856,37.5618,56.3427,10.4196,3.36068,249.736,True,True,polish,0.55,True
,1.5,5.4175,0.323834,40,0.586313,0.613478,185.482,20.23,0.662957,37.5675,56.3513,10.4017,3.36843,249.85,True,True,polish,0.55,True
,1.5,5.42268,0.324367,40,0.586326,0.613475,185.481,20.23,0.663075,37.5742,56.3614,10.3936,3.37135,249.984,True,True,polish,0.55,True
,1.5,5.429,0.325246,40.039,0.586415,0.613468,185.479,20.23,0.663082,37.5746,56.3619,10.3816,3.37659,249.991,True,True,polish,0.55,True
,1.5,5.4184,0.324931,40,0.586441,0.613468,185.478,20.23,0.662469,37.5399,56.3099,10.3923,3.37679,249.299,True,True,polish,0.55,True
,1.5,5.43561,0.326519,40,0.586452,0.613459,185.476,20.23,0.662952,37.5673,56.3509,10.367,3.38502,249.845,True,True,polish,0.45,True
,1.5,5.4356,0.326519,40,0.586452,0.613459,185.476,20.23,0.662952,37.5673,56.3509,10.367,3.38503,249.845,True,True,polish,0.45,True
,1.5,5.43561,0.326519,40,0.586452,0.613459,185.476,20.23,0.662952,37.5673,56.3509,10.367,3.38503,249.845,True,True,polish,0.45,True
,1.5,5.43561,0.32652,40,0.586452,0.613459,185.476,20.23,0.662952,37.5673,56.3509,10.367,3.38503,249.845,True,True,polish,0.45,True
,1.5,5.4356,0.32652,40,0.586452,0.613459,185.476,20.23,0.662952,37.5673,56.3509,10.367,3.38503,249.844,True,True,polish,0.45,True
,1.5,5.4356,0.32652,40,0.586452,0.613459,185.476,20.23,0.662951,37.5673,56.3509,10.367,3.38503,249.844,True,True,polish,0.45,True
,1.5,5.4356,0.32652,40,0.586452,0.613459,185.476,20.23,0.662951,37.5672,56.3509,10.367,3.38503,249.844,True,True,polish,0.45,True
,1.5,5.4356,0.32652,40,0.586452,0.613459,185.476,20.23,0.662951,37.5672,56.3509,10.367,3.38503,249.844,True,True,polish,0.45,True
,1.5,5.4356,0.32652,40,0.586452,0.613459,185.476,20.23,0.662951,37.5672,56.3508,10.367,3.38503,249.844,True,True,polish,0.45,True
,1.5,5.4356,0.326521,40,0.586452,0.613459,185.476,20.23,0.662951,37.5672,56.3509,10.367,3.38504,249.844,True,True,polish,0.45,True
,1.5,5.4356,0.326521,40,0.586452,0.613459,185.476,20.23,0.662951,37.5672,56.3508,10.367,3.38504,249.844,True,True,polish,0.45,True
,1.5,5.43561,0.326521,40,0.586452,0.613459,185.476,20.23,0.662951,37.5672,56.3508,10.367,3.38504,249.844,True,True,polish,0.45,True
,1.5,5.43561,0.326521,40,0.586453,0.613459,185.476,20.23,0.662951,37.5672,56.3508,10.367,3.38504,249.844,True,True,polish,0.45,True
,1.5,5.43561,0.326522,40,0.586453,0.613459,185.476,20.23,0.662951,37.5672,56.3508,10.367,3.38505,249.844,True,True,polish,0.45,True
,1.5,5.43561,0.326522,40,0.586453,0.613459,185.476,20.23,0.66295,37.5672,56.3508,10.367,3.38505,249.843,True,True,polish,0.45,True
,1.5,5.43561,0.326523,40,0.586453,0.613459,185.476,20.23,0.66295,37.5672,56.3508,10.367,3.38505,249.843,True,True,polish,0.45,True
,1.5,5.43562,0.326524,40,0.586453,0.613459,185.476,20.23,0.662951,37.5672,56.3508,10.367,3.38506,249.844,True,True,polish,0.45,True
,1.5,5.43564,0.326525,40,0.586453,0.613459,185.476,20.23,0.662952,37.5673,56.3509,10.3669,3.38506,249.844,True,True,polish,0.45,True
,1.5,5.43563,0.326525,40,0.586453,0.613459,185.476,20.23,0.662951,37.5672,56.3508,10.3669,3.38506,249.844,True,True,polish,0.45,True
,1.5,5.43565,0.326528,40,0.586453,0.613459,185.476,20.23,0.662951,37.5672,56.3508,10.3669,3.38508,249.844,True,True,polish,0.45,True
,1.5,5.43686,0.326655,40,0.586458,0.613458,185.475,20.23,0.662976,37.5687,56.353,10.365,3.38578,249.872,True,True,polish,0.5,True
,1.5,5.43686,0.326655,40,0.586458,0.613458,185.475,20.23,0.662976,37.5687,56.353,10.365,3.38578,249.872,True,True,polish,0.5,True
,1.5,5.43686,0.326656,40,0.586458,0.613458,185.475,20.23,0.662976,37.5687,56.353,10.365,3.38578,249.872,True,True,polish,0.5,True
,1.5,5.43685,0.326656,40,0.586458,0.613458,185.475,20.23,0.662976,37.5686,56.353,10.365,3.38578,249.872,True,True,polish,0.5,True
,1.5,5.43685,0.326656,40,0.586458,0.613458,185.475,20.23,0.662976,37.5686,56.3529,10.365,3.38579,249.872,True,True,polish,0.5,True
,1.5,5.43685,0.326656,40,0.586458,0.613458,185.475,20.23,0.662976,37.5686,56.3529,10.365,3.38579,249.872,True,True,polish,0.5,True
,1.5,5.43685,0.326656,40,0.586458,0.613458,185.475,20.23,0.662976,37.5686,56.3529,10.365,3.38579,249.871,True,True,polish,0.5,True
,1.5,5.43685,0.326656,40,0.586458,0.613458,185.475,20.23,0.662975,37.5686,56.3529,10.365,3.38579,249.871,True,True,polish,0.5,True
,1.5,5.43684,0.326656,40,0.586458,0.613458,185.475,20.23,0.662975,37.5686,56.3529,10.365,3.38579,249.871,True,True,polish,0.5,True
,1.5,5.43685,0.326657,40,0.586458,0.613458,185.475,20.23,0.662975,37.5686,56.3529,10.365,3.38579,249.871,True,True,polish,0.5,True
,1.5,5.43685,0.326657,40,0.586458,0.613458,185.475,20.23,0.662975,37.5686,56.3529,10.365,3.3858,249.871,True,True,polish,0.5,True
,1.5,5.43684,0.326657,40,0.586458,0.613458,185.475,20.23,0.662975,37.5686,56.3528,10.365,3.3858,249.87,True,True,polish,0.5,True
,1.5,5.43686,0.326658,40,0.586458,0.613458,185.475,20.23,0.662975,37.5686,56.3529,10.365,3.3858,249.871,True,True,polish,0.5,True
,1.5,5.43687,0.32666,40,0.586458,0.613458,185.475,20.23,0.662975,37.5686,56.3529,10.365,3.38581,249.871,True,True,polish,0.5,True
,1.5,5.43687,0.32666,40,0.586458,0.613458,185.475,20.23,0.662975,37.5686,56.3529,10.3649,3.38581,249.871,True,True,polish,0.5,True
,1.5,5.43688,0.326662,40,0.586459,0.613458,185.475,20.23,0.662975,37.5686,56.3529,10.3649,3.38583,249.871,True,True,polish,0.5,True
,1.5,5.43691,0.326666,40,0.586459,0.613458,185.475,20.23,0.662975,37.5686,56.3529,10.3649,3.38585,249.871,True,True,polish,0.5,True
,1.5,5.43793,0.326818,40,0.586468,0.613457,185.475,20.23,0.662974,37.5685,56.3528,10.3629,3.38679,249.87,True,True,polish,0.5,True
,1.5,5.43802,0.326842,40,0.586483,0.613456,185.475,20.23,0.662968,37.5682,56.3523,10.3627,3.38695,249.863,True,True,polish,0.45,True
,1.5,5.43799,0.326851,40,0.586484,0.613456,185.475,20.23,0.662961,37.5678,56.3517,10.3626,3.38703,249.856,True,True,polish,0.45,True
,1.5,5.43893,0.32699,40,0.586486,0.613455,185.475,20.23,0.662962,37.5678,56.3517,10.3608,3.38789,249.856,True,True,polish,0.45,True
,1.5,5.44033,0.327139,40,0.586498,0.613454,185.474,20.23,0.662991,37.5695,56.3542,10.3586,3.3887,249.889,True,True,polish,0.45,True
,1.5,5.44335,0.327565,40,0.586505,0.613451,185.473,20.23,0.663,37.57,56.355,10.353,3.39128,249.899,True,True,polish,0.3,True
,1.5,5.44335,0.327566,40,0.586505,0.613451,185.473,20.23,0.663,37.57,56.355,10.353,3.39129,249.899,True,True,polish,0.3,True
,1.5,5.44335,0.327566,40,0.586505,0.613451,185.473,20.23,0.663,37.57,56.355,10.353,3.39129,249.899,True,True,polish,0.3,True
,1.5,5.44335,0.327566,40,0.586505,0.613451,185.473,20.23,0.663,37.57,56.355,10.353,3.39129,249.899,True,True,polish,0.3,True
,1.5,5.44335,0.327566,40,0.586505,0.613451,185.473,20.23,0.663,37.57,56.355,10.353,3.39129,249.899,True,True,polish,0.3,True
,1.5,5.44335,0.327566,40,0.586505,0.613451,185.473,20.23,0.663,37.57,56.355,10.353,3.39129,249.899,True,True,polish,0.3,True
,1.5,5.44335,0.327566,40,0.586505,0.613451,185.473,20.23,0.663,37.57,56.355,10.353,3.39129,249.899,True,True,polish,0.3,True
,1.5,5.44335,0.327567,40,0.586505,0.613451,185.473,20.23,0.662999,37.57,56.3549,10.353,3.39129,249.898,True,True,polish,0.3,True
,1.5,5.44335,0.327567,40,0.586505,0.613451,185.473,20.23,0.662999,37.5699,56.3549,10.353,3.39129,249.898,True,True,polish,0.3,True
,1.5,5.44335,0.327567,40,0.586505,0.613451,185.473,20.23,0.662999,37.57,56.3549,10.353,3.3913,249.898,True,True,polish,0.3,True
,1.5,5.44335,0.327567,40,0.586505,0.613451,185.473,20.23,0.662999,37.5699,56.3549,10.353,3.3913,249.898,True,True,polish,0.3,True
,1.5,5.44336,0.327568,40,0.586505,0.613451,185.473,20.23,0.662999,37.5699,56.3549,10.353,3.39131,249.898,True,True,polish,0.3,True
,1.5,5.44337,0.327569,40,0.586513,0.613451,185.473,20.23,0.663,37.57,56.355,10.353,3.39131,249.899,True,True,polish,0.3,True
,1.5,5.44336,0.32757,40,0.586513,0.613451,185.473,20.23,0.662999,37.5699,56.3549,10.353,3.39131,249.898,True,True,polish,0.3,True
,1.5,5.44338,0.327571,40,0.586513,0.613451,185.473,20.23,0.662999,37.57,56.3549,10.3529,3.39132,249.898,True,True,polish,0.3,True
,1.5,5.44339,0.327572,40,0.586513,0.613451,185.473,20.23,0.662999,37.57,56.3549,10.3529,3.39133,249.898,True,True,polish,0.3,True
,1.5,5.44339,0.327572,40,0.586513,0.613451,185.473,20.23,0.662999,37.57,56.3549,10.3529,3.39133,249.898,True,True,polish,0.3,True
,1.5,5.44339,0.327573,40,0.586513,0.613451,185.473,20.23,0.663,37.57,56.355,10.3529,3.39133,249.899,True,True,polish,0.3,True
,1.5,5.44336,0.327573,40,0.586516,0.613451,185.473,20.23,0.662997,37.5698,56.3547,10.3529,3.39134,249.895,True,True,polish,0.3,True
,1.5,5.44358,0.327581,40,0.586521,0.613451,185.473,20.23,0.663009,37.5705,56.3558,10.3527,3.39135,249.91,True,True,polish,0.3,True
,1.5,5.44387,0.327601,40,0.586522,0.613451,185.473,20.23,0.66302,37.5712,56.3567,10.3523,3.39144,249.922,True,True,polish,0.3,True
,1.5,5.44394,0.327608,40,0.586528,0.613451,185.473,20.23,0.663023,37.5713,56.3569,10.3522,3.39147,249.925,True,True,polish,0.3,True
,1.5,5.44429,0.327636,40,0.586533,0.613451,185.473,20.23,0.663034,37.5719,56.3579,10.3517,3.39161,249.938,True,True,polish,0.3,True
,1.5,5.44476,0.327786,40,0.586544,0.61345,185.473,20.23,0.662993,37.5696,56.3544,10.3502,3.39266,249.892,True,True,polish,0.45,True
,1.5,5.44648,0.32798,40,0.58656,0.613448,185.472,20.23,0.663023,37.5713,56.357,10.3474,3.39374,249.925,True,True,polish,0.45,True
,1.5,5.44698,0.328238,40,0.586562,0.613446,185.472,20.23,0.662929,37.566,56.349,10.345,3.39562,249.819,True,True,polish,0.4,True
,1.5,5.44698,0.328238,40,0.586562,0.613446,185.472,20.23,0.662929,37.566,56.349,10.345,3.39562,249.819,True,True,polish,0.4,True
,1.5,5.44698,0.328238,40,0.586562,0.613446,185.472,20.23,0.662929,37.566,56.349,10.345,3.39562,249.819,True,True,polish,0.4,True
,1.5,5.44698,0.328239,40,0.586562,0.613446,185.472,20.23,0.662929,37.566,56.349,10.345,3.39563,249.819,True,True,polish,0.4,True
,1.5,5.44698,0.328239,40,0.586562,0.613446,185.472,20.23,0.662929,37.566,56.349,10.345,3.39563,249.819,True,True,polish,0.4,True
,1.5,5.44698,0.328239,40,0.586562,0.613446,185.472,20.23,0.662929,37.566,56.3489,10.345,3.39563,249.819,True,True,polish,0.4,True
,1.5,5.44698,0.328239,40,0.586562,0.613446,185.472,20.23,0.662929,37.566,56.349,10.345,3.39563,249.819,True,True,polish,0.4,True
,1.5,5.44698,0.328239,40,0.586562,0.613446,185.472,20.23,0.662929,37.566,56.3489,10.345,3.39563,249.819,True,True,polish,0.4,True
,1.5,5.44697,0.328239,40,0.586562,0.613446,185.472,20.23,0.662928,37.5659,56.3489,10.345,3.39563,249.818,True,True,polish,0.4,True
,1.5,5.44698,0.32824,40,0.586562,0.613446,185.472,20.23,0.662929,37.566,56.3489,10.345,3.39564,249.819,True,True,polish,0.4,True
,1.5,5.44697,0.32824,40,0.586562,0.613446,185.472,20.23,0.662928,37.5659,56.3489,10.345,3.39564,249.817,True,True,polish,0.4,True
,1.5,5.44698,0.32824,40,0.586562,0.613446,185.472,20.23,0.662928,37.5659,56.3489,10.345,3.39564,249.818,True,True,polish,0.4,True
,1.5,5.44696,0.32824,40,0.586562,0.613446,185.472,20.23,0.662927,37.5659,56.3488,10.345,3.39564,249.817,True,True,polish,0.4,True
,1.5,5.44696,0.32824,40,0.586562,0.613446,185.472,20.23,0.662927,37.5659,56.3488,10.345,3.39564,249.817,True,True,polish,0.4,True
,1.5,5.44697,0.328241,40,0.586563,0.613446,185.472,20.23,0.662927,37.5659,56.3488,10.345,3.39565,249.817,True,True,polish,0.4,True
,1.5,5.44698,0.328242,40,0.586563,0.613446,185.472,20.23,0.662927,37.5659,56.3488,10.345,3.39565,249.817,True,True,polish,0.4,True
,1.5,5.44695,0.328241,40,0.586563,0.613446,185.472,20.23,0.662926,37.5658,56.3487,10.345,3.39565,249.815,True,True,polish,0.4,True
,1.5,5.44699,0.328243,40,0.586563,0.613446,185.472,20.23,0.662927,37.5659,56.3488,10.345,3.39566,249.817,True,True,polish,0.4,True
,1.5,5.44698,0.328243,40,0.586563,0.613446,185.472,20.23,0.662927,37.5658,56.3488,10.345,3.39566,249.816,True,True,polish,0.4,True
,1.5,5.44698,0.328243,40,0.586563,0.613446,185.472,20.23,0.662927,37.5659,56.3488,10.345,3.39566,249.816,True,True,polish,0.4,True
,1.5,5.447,0.328244,40,0.586563,0.613446,185.472,20.23,0.662928,37.5659,56.3489,10.3449,3.39567,249.817,True,True,polish,0.4,True
,1.5,5.44697,0.328243,40,0.586563,0.613446,185.472,20.23,0.662926,37.5658,56.3487,10.345,3.39567,249.815,True,True,polish,0.4,True
,1.5,5.44698,0.328246,40,0.586563,0.613446,185.472,20.23,0.662926,37.5658,56.3487,10.3449,3.39568,249.815,True,True,polish,0.4,True
,1.5,5.44696,0.328246,40,0.58657,0.613446,185.472,20.23,0.662923,37.5657,56.3485,10.3449,3.39569,249.813,True,True,polish,0.4,True
,1.5,5.44702,0.328249,40,0.586571,0.613446,185.472,20.23,0.662926,37.5658,56.3487,10.3449,3.3957,249.816,True,True,polish,0.4,True
,1.5,5.44702,0.328252,40,0.586572,0.613446,185.472,20.23,0.662926,37.5658,56.3487,10.3449,3.39572,249.815,True,True,polish,0.4,True
,1.5,5.44703,0.328252,40,0.586572,0.613446,185.472,20.23,0.662926,37.5658,56.3487,10.3449,3.39572,249.815,True,True,polish,0.4,True
,1.5,5.44706,0.328255,40,0.586572,0.613446,185.472,20.23,0.662927,37.5659,56.3488,10.3448,3.39573,249.816,True,True,polish,0.4,True
,1.5,5.44707,0.328257,40,0.586572,0.613446,185.472,20.23,0.662926,37.5658,56.3487,10.3448,3.39575,249.816,True,True,polish,0.4,True
,1.5,5.44714,0.328263,40,0.586572,0.613446,185.472,20.23,0.662929,37.566,56.349,10.3447,3.39578,249.819,True,True,polish,0.4,True
,1.5,5.44713,0.328263,40,0.586572,0.613446,185.472,20.23,0.662928,37.5659,56.3489,10.3447,3.39578,249.818,True,True,polish,0.4,True
,1.5,5.44716,0.328267,40,0.586573,0.613446,185.472,20.23,0.662928,37.5659,56.3489,10.3446,3.3958,249.818,True,True,polish,0.4,True
,1.5,5.44822,0.328376,40,0.586573,0.613445,185.472,20.23,0.662952,37.5673,56.3509,10.343,3.39639,249.845,True,True,polish,0.35,True
,1.5,5.44822,0.328376,40,0.586573,0.613445,185.472,20.23,0.662952,37.5673,56.3509,10.343,3.39639,249.845,True,True,polish,0.35,True
,1.5,5.44822,0.328376,40,0.586573,0.613445,185.472,20.23,0.662952,37.5673,56.3509,10.343,3.39639,249.845,True,True,polish,0.35,True
,1.5,5.44822,0.328376,40,0.586573,0.613445,185.472,20.23,0.662952,37.5673,56.3509,10.343,3.39639,249.845,True,True,polish,0.35,True
,1.5,5.44823,0.328376,40,0.586573,0.613445,185.472,20.23,0.662952,37.5673,56.3509,10.343,3.39639,249.845,True,True,polish,0.35,True
,1.5,5.44823,0.328377,40,0.586573,0.613445,185.472,20.23,0.662952,37.5673,56.3509,10.343,3.39639,249.845,True,True,polish,0.35,True
,1.5,5.44823,0.328377,40,0.586573,0.613445,185.472,20.23,0.662952,37.5673,56.3509,10.343,3.39639,249.845,True,True,polish,0.35,True
,1.5,5.44823,0.328377,40,0.586573,0.613445,185.472,20.23,0.662952,37.5673,56.3509,10.343,3.3964,249.845,True,True,polish,0.35,True
,1.5,5.44823,0.328377,40,0.586573,0.613445,185.472,20.23,0.662952,37.5673,56.3509,10.343,3.3964,249.845,True,True,polish,0.35,True
,1.5,5.44823,0.328377,40,0.586573,0.613445,185.472,20.23,0.662952,37.5673,56.3509,10.343,3.3964,249.845,True,True,polish,0.35,True
,1.5,5.44823,0.328378,40,0.586573,0.613445,185.472,20.23,0.662952,37.5673,56.3509,10.343,3.3964,249.845,True,True,polish,0.35,True
,1.5,5.44823,0.328378,40,0.586573,0.613445,185.472,20.23,0.662952,37.5673,56.3509,10.343,3.3964,249.844,True,True,polish,0.35,True
,1.5,5.44823,0.328378,40,0.586573,0.613445,185.472,20.23,0.662952,37.5673,56.3509,10.343,3.3964,249.844,True,True,polish,0.35,True
,1.5,5.44822,0.328378,40,0.586574,0.613445,185.472,20.23,0.662951,37.5672,56.3508,10.343,3.39641,249.844,True,True,polish,0.35,True
,1.5,5.44823,0.328379,40,0.586574,0.613445,185.472,20.23,0.662951,37.5672,56.3509,10.343,3.39641,249.844,True,True,polish,0.35,True
,1.5,5.44824,0.328379,40,0.586574,0.613445,185.472,20.23,0.662951,37.5672,56.3509,10.343,3.39641,249.844,True,True,polish,0.35,True
,1.5,5.44823,0.328379,40,0.586574,0.613445,185.472,20.23,0.662951,37.5672,56.3508,10.343,3.39642,249.844,True,True,polish,0.35,True
,1.5,5.44824,0.328381,40,0.586574,0.613445,185.472,20.23,0.662951,37.5672,56.3508,10.3429,3.39643,249.844,True,True,polish,0.35,True
,1.5,5.44823,0.328381,40,0.586574,0.613445,185.472,20.23,0.66295,37.5672,56.3507,10.343,3.39643,249.843,True,True,polish,0.35,True
,1.5,5.44823,0.328383,40,0.586574,0.613445,185.472,20.23,0.662949,37.5671,56.3507,10.3429,3.39644,249.842,True,True,polish,0.35,True
,1.5,5.44824,0.328385,40,0.586574,0.613445,185.472,20.23,0.662949,37.5671,56.3507,10.3429,3.39645,249.841,True,True,polish,0.35,True
,1.5,5.44823,0.328385,40,0.586574,0.613445,185.472,20.23,0.662948,37.5671,56.3506,10.3429,3.39646,249.841,True,True,polish,0.35,True
,1.5,5.44822,0.328384,40,0.586574,0.613445,185.472,20.23,0.662948,37.567,56.3506,10.3429,3.39646,249.84,True,True,polish,0.35,True
,1.5,5.44823,0.328389,40,0.586574,0.613445,185.472,20.23,0.662946,37.567,56.3504,10.3429,3.39649,249.838,True,True,polish,0.35,True
,1.5,5.44826,0.328396,40,0.586576,0.613445,185.471,20.23,0.662945,37.5669,56.3503,10.3428,3.39654,249.836,True,True,polish,0.35,True
,1.5,5.44827,0.328397,40,0.586576,0.613445,185.471,20.23,0.662945,37.5669,56.3503,10.3428,3.39654,249.837,True,True,polish,0.35,True
,1.5,5.44795,0.328404,40,0.586582,0.613445,185.471,20.23,0.662917,37.5653,56.348,10.343,3.39667,249.806,True,True,polish,0.4,True
,1.5,5.44826,0.328428,40,0.586583,0.613445,185.471,20.23,0.662929,37.566,56.349,10.3426,3.39678,249.819,True,True,polish,0.35,True
,1.5,5.44956,0.328541,40,0.586584,0.613444,185.471,20.23,0.662968,37.5682,56.3522,10.3407,3.39735,249.863,True,True,polish,0.35,True
,1.5,5.44951,0.328547,40,0.586586,0.613444,185.471,20.23,0.662962,37.5678,56.3517,10.3407,3.3974,249.856,True,True,polish,0.4,True
,1.5,5.44913,0.328571,40,0.586596,0.613444,185.471,20.23,0.662921,37.5655,56.3483,10.3408,3.39768,249.81,True,True,polish,0.35,True
,1.5,5.45088,0.328694,40,0.586599,0.613443,185.471,20.23,0.662989,37.5694,56.3541,10.3385,3.39821,249.887,True,True,polish,0.35,True
,1.5,5.45364,0.328951,40,0.586604,0.613442,185.47,20.23,0.663064,37.5736,56.3604,10.3345,3.39953,249.972,True,True,polish,0.4,True
,1.5,5.45262,0.328901,40,0.586626,0.613441,185.47,20.23,0.663014,37.5708,56.3562,10.3356,3.39939,249.914,True,True,polish,0.4,True
,1.5,5.45439,0.329063,40,0.586629,0.613441,185.47,20.23,0.663063,37.5736,56.3604,10.333,3.40021,249.971,True,True,polish,0.4,True
,1.5,5.4527,0.329088,40,0.586641,0.61344,185.47,20.23,0.662924,37.5657,56.3485,10.3341,3.40082,249.813,True,True,polish,0.35,True
,1.5,5.45352,0.329189,40,0.586643,0.613439,185.47,20.23,0.662934,37.5663,56.3494,10.3327,3.4014,249.824,True,True,polish,0.35,True
,1.5,5.45359,0.329204,40,0.586644,0.613439,185.47,20.23,0.662932,37.5661,56.3492,10.3325,3.4015,249.822,True,True,polish,0.4,True
,1.5,5.46085,0.329986,40,0.586661,0.613434,185.468,20.23,0.663075,37.5743,56.3614,10.321,3.40578,249.984,True,True,polish,0.45,True
,1.5,5.45896,0.329879,40,0.586701,0.613434,185.468,20.23,0.662989,37.5694,56.3541,10.3232,3.40541,249.887,True,True,polish,0.4,True
,1.5,5.45692,0.32991,40,0.586703,0.613433,185.468,20.23,0.662821,37.5598,56.3398,10.3245,3.40615,249.697,True,True,polish,0.35,True
,1.5,5.45949,0.330316,40,0.586751,0.61343,185.467,20.23,0.662807,37.559,56.3386,10.3194,3.40866,249.68,True,True,polish,0.35,True
,1.5,5.46308,0.330682,40,0.586756,0.613428,185.466,20.23,0.662887,37.5636,56.3454,10.3139,3.41061,249.771,True,True,polish,0.35,True
,1.5,5.46555,0.331075,40,0.586758,0.613425,185.466,20.23,0.662872,37.5627,56.3441,10.3089,3.41303,249.754,True,True,polish,0.3,True
,1.5,5.46046,0.33098,40,0.586831,0.613424,185.465,20.23,0.662541,37.544,56.316,10.3134,3.41353,249.381,True,True,polish,0.35,True
,1.5,5.47329,0.332101,40,0.586839,0.613418,185.463,20.23,0.662924,37.5657,56.3486,10.2952,3.41905,249.814,True,True,polish,0.35,True
,1.5,5.46305,0.331834,40,0.586907,0.613417,185.463,20.23,0.6623,37.5303,56.2955,10.3048,3.41948,249.108,True,True,polish,0.3,True
,1.5,5.46165,0.33209,40,0.58697,0.613414,185.462,20.23,0.662066,37.5171,56.2756,10.3038,3.42178,248.844,True,True,polish,0.8,True
,1.5,5.46277,0.332268,40,0.586975,0.613412,185.462,20.23,0.662059,37.5167,56.275,10.3016,3.42287,248.836,True,True,polish,0.3,True
,1.5,5.47595,0.333305,40,0.586977,0.613407,185.46,20.23,0.66251,37.5422,56.3133,10.2838,3.42762,249.345,True,True,polish,0.3,True
,1.5,5.48127,0.334193,40,0.587019,0.613401,185.458,20.23,0.662452,37.5389,56.3084,10.2729,3.43313,249.28,True,True,polish,0.3,True
,1.5,5.48865,0.334634,40,0.587021,0.613399,185.458,20.23,0.662774,37.5572,56.3358,10.2641,3.4347,249.643,True,True,polish,0.3,True
,1.5,5.48946,0.335727,40,0.587156,0.613389,185.455,20.23,0.662277,37.5291,56.2936,10.2548,3.44283,249.083,True,True,polish,0.3,True
,1.5,5.48781,0.335786,40,0.587189,0.613388,185.454,20.23,0.662126,37.5205,56.2807,10.2556,3.44368,248.912,True,True,polish,0.45,True
,1.5,5.49744,0.3369,40,0.587227,0.613381,185.452,20.23,0.66227,37.5286,56.2929,10.2399,3.4498,249.074,True,True,polish,0.8,True
,1.5,5.51596,0.338993,40,0.587311,0.613368,185.448,20.23,0.662568,37.5455,56.3183,10.2101,3.46114,249.411,True,True,polish,0.3,True
,1.5,5.49974,0.338615,40,0.587444,0.613365,185.447,20.23,0.661566,37.4888,56.2332,10.2247,3.46223,248.282,True,True,polish,0.3,True
,1.5,5.49594,0.338828,40,0.587526,0.613362,185.446,20.23,0.661178,37.4667,56.2001,10.2258,3.46477,247.844,True,True,polish,0.45,True
,1.5,5.51804,0.341535,40,0.587644,0.613345,185.441,20.23,0.661425,37.4807,56.2211,10.1886,3.47977,248.122,True,True,polish,0.3,True
,1.5,5.51251,0.341845,40,0.587762,0.61334,185.44,20.23,0.66086,37.4488,56.1731,10.1901,3.48344,247.488,True,True,polish,0.3,True
,1.5,5.51471,0.342472,40,0.587823,0.613335,185.438,20.23,0.660703,37.4398,56.1597,10.1836,3.48761,247.31,True,True,polish,0.8,True
,1.5,5.54475,0.345301,40,0.587862,0.61332,185.434,20.23,0.661461,37.4828,56.2242,10.1401,3.50137,248.163,True,True,polish,0.3,True
,1.5,5.53433,0.344879,40,0.587928,0.61332,185.434,20.23,0.660914,37.4518,56.1777,10.1508,3.50079,247.547,True,True,polish,0.3,True
,1.5,5.43715,0.34157,40,0.588568,0.613312,185.431,20.23,0.655445,37.1419,55.7128,10.2467,3.49997,241.453,True,True,polish,0.3,True
,1.5,5.39499,0.34612,40,0.589716,0.613253,185.413,20.23,0.650032,36.8351,55.2527,10.2415,3.54478,235.52,True,True,polish,0.3,True
,1.5,6.63303,0.483386,40,0.593989,0.612719,185.252,20.23,0.663069,37.5739,56.3609,8.497,4.10733,249.977,True,True,polish,0.25,True
,1.5,6.63303,0.483386,40,0.593989,0.612719,185.252,20.23,0.663069,37.5739,56.3609,8.497,4.10733,249.977,True,True,polish,0.25,True
,1.5,6.63304,0.483387,40,0.593989,0.612719,185.252,20.23,0.663069,37.5739,56.3609,8.49699,4.10733,249.977,True,True,polish,0.25,True
,1.5,6.63304,0.483387,40,0.593989,0.612719,185.252,20.23,0.663069,37.5739,56.3609,8.49699,4.10733,249.977,True,True,polish,0.25,True
,1.5,6.63304,0.483387,40,0.593989,0.612719,185.252,20.23,0.663069,37.5739,56.3609,8.49699,4.10734,249.977,True,True,polish,0.25,True
,1.5,6.63305,0.483388,40,0.593989,0.612719,185.252,20.23,0.663069,37.5739,56.3609,8.49698,4.10734,249.977,True,True,polish,0.25,True
,1.5,6.63304,0.483387,40,0.593989,0.612719,185.252,20.23,0.663069,37.5739,56.3608,8.49699,4.10734,249.977,True,True,polish,0.25,True
,1.5,6.63304,0.483388,40,0.593989,0.612719,185.252,20.23,0.663068,37.5739,56.3608,8.49699,4.10734,249.977,True,True,polish,0.25,True
,1.5,6.63305,0.483389,40,0.593989,0.612719,185.252,20.23,0.663069,37.5739,56.3608,8.49698,4.10734,249.977,True,True,polish,0.25,True
,1.5,6.63303,0.483388,40,0.593989,0.612719,185.252,20.23,0.663068,37.5739,56.3608,8.49699,4.10734,249.976,True,True,polish,0.25,True
,1.5,6.63306,0.48339,40,0.593989,0.612719,185.252,20.23,0.663069,37.5739,56.3608,8.49696,4.10734,249.977,True,True,polish,0.25,True
,1.5,6.63305,0.483389,40,0.593989,0.612719,185.252,20.23,0.663068,37.5739,56.3608,8.49697,4.10734,249.976,True,True,polish,0.25,True
,1.5,6.63305,0.48339,40,0.593989,0.612719,185.252,20.23,0.663068,37.5739,56.3608,8.49696,4.10735,249.976,True,True,polish,0.25,True
,1.5,6.63308,0.483393,40,0.59399,0.612718,185.252,20.23,0.663068,37.5739,56.3608,8.49693,4.10736,249.976,True,True,polish,0.25,True
,1.5,6.6331,0.483396,40,0.59399,0.612718,185.252,20.23,0.663068,37.5739,56.3608,8.4969,4.10737,249.977,True,True,polish,0.25,True
,1.5,6.63307,0.48339,40,0.593992,0.612718,185.252,20.23,0.663069,37.5739,56.3609,8.49696,4.10734,249.977,True,True,polish,0.25,True
,1.5,6.6331,0.483393,40,0.593992,0.612718,185.252,20.23,0.66307,37.574,56.3609,8.49692,4.10735,249.978,True,True,polish,0.25,True
,1.5,6.63309,0.483393,40,0.593992,0.612718,185.252,20.23,0.663069,37.5739,56.3609,8.49693,4.10735,249.977,True,True,polish,0.25,True
,1.5,6.63313,0.483395,40,0.593992,0.612718,185.252,20.23,0.66307,37.574,56.361,8.49689,4.10736,249.979,True,True,polish,0.25,True
,1.5,6.63313,0.483406,40,0.594,0.612718,185.252,20.23,0.663065,37.5737,56.3605,8.49682,4.10741,249.973,True,True,polish,0.25,True
,1.5,6.6332,0.483417,40,0.594001,0.612718,185.252,20.23,0.663063,37.5736,56.3604,8.49672,4.10746,249.971,True,True,polish,0.25,True
,1.5,6.63335,0.48343,40,0.594006,0.612718,185.252,20.23,0.663066,37.5738,56.3606,8.49655,4.10749,249.974,True,True,polish,0.25,True
,1.5,6.6331,0.483455,40,0.594011,0.612718,185.252,20.23,0.663038,37.5722,56.3582,8.49652,4.10768,249.942,True,True,polish,0.25,True
,1.5,6.6345,0.483603,40,0.594017,0.612718,185.252,20.23,0.663048,37.5727,56.3591,8.49485,4.10814,249.954,True,True,polish,0.25,True
,1.5,6.63488,0.483655,40,0.594017,0.612717,185.251,20.23,0.663045,37.5725,56.3588,8.49433,4.10832,249.95,True,True,polish,0.25,True
,1.5,6.63596,0.483802,40,0.594021,0.612717,185.251,20.23,0.663036,37.572,56.3581,8.49283,4.10885,249.94,True,True,polish,0.25,True
,1.5,6.63438,0.483683,40,0.594036,0.612717,185.251,20.23,0.663,37.57,56.355,8.49439,4.10859,249.899,True,True,polish,0.25,True
,1.5,6.63576,0.48372,40,0.594037,0.612717,185.251,20.23,0.663065,37.5737,56.3606,8.49346,4.10846,249.973,True,True,polish,0.25,True
,1.5,6.63671,0.483907,40,0.594052,0.612716,185.251,20.23,0.663029,37.5716,56.3575,8.49177,4.10922,249.932,True,True,polish,0.25,True
,1.5,6.63855,0.484117,40,0.594056,0.612716,185.251,20.23,0.663034,37.5719,56.3579,8.48949,4.1099,249.937,True,True,polish,0.25,True
,1.5,6.64024,0.484273,40,0.594061,0.612715,185.251,20.23,0.663057,37.5733,56.3599,8.48763,4.11033,249.964,True,True,polish,0.25,True
,1.5,6.64744,0.485142,40,0.594077,0.612713,185.25,20.23,0.663054,37.5731,56.3596,8.4784,4.11323,249.96,True,True,polish,0.25,True
,1.5,6.64469,0.485229,40,0.594134,0.612712,185.25,20.23,0.662843,37.5611,56.3416,8.47919,4.11435,249.721,True,True,polish,0.25,True
,1.5,6.65052,0.486142,40,0.594152,0.61271,185.249,20.23,0.662734,37.5549,56.3324,8.47037,4.1178,249.598,True,True,polish,0.25,True
,1.5,6.64848,0.486234,40,0.594181,0.612709,185.249,20.23,0.662563,37.5452,56.3178,8.47078,4.11878,249.405,True,True,polish,0.25,True
,1.5,6.65906,0.487242,40,0.594232,0.612706,185.248,20.23,0.662694,37.5527,56.329,8.459,4.12158,249.554,True,True,polish,0.25,True
,1.5,6.65969,0.487438,40,0.59424,0.612705,185.248,20.23,0.662633,37.5492,56.3238,8.45742,4.12247,249.484,True,True,polish,0.25,True
,1.5,6.65282,0.487321,40,0.594289,0.612705,185.248,20.23,0.662274,37.5289,56.2933,8.46157,4.12351,249.079,True,True,polish,0.25,True
,1.5,6.65219,0.487401,40,0.594301,0.612704,185.248,20.23,0.662195,37.5244,56.2866,8.46137,4.12408,248.99,True,True,polish,0.25,True
,1.5,6.67695,0.489759,40,0.594313,0.6127,185.246,20.23,0.662502,37.5418,56.3127,8.4339,4.13058,249.336,True,True,polish,0.25,True
,1.5,6.67656,0.490094,40,0.59436,0.612698,185.246,20.23,0.662309,37.5308,56.2962,8.43192,4.13244,249.118,True,True,polish,0.25,True
,1.5,6.69932,0.492337,40,0.594387,0.612693,185.244,20.23,0.662549,37.5444,56.3166,8.40632,4.13874,249.389,True,True,polish,0.25,True
,1.5,6.71196,0.494194,40,0.594481,0.612688,185.243,20.23,0.66237,37.5343,56.3015,8.38823,4.14541,249.188,True,True,polish,0.25,True
,1.5,6.70376,0.493913,40,0.594535,0.612687,185.242,20.23,0.662018,37.5143,56.2715,8.39403,4.14592,248.79,True,True,polish,0.25,True
,1.5,6.74407,0.497493,40,0.594558,0.612681,185.24,20.23,0.662632,37.5491,56.3237,8.35159,4.15485,249.483,True,True,polish,0.25,True
,1.5,6.77853,0.501814,40,0.594705,0.61267,185.237,20.23,0.66251,37.5422,56.3133,8.3076,4.16887,249.345,True,True,polish,0.25,True
,1.5,6.7972,0.504356,40,0.594782,0.612664,185.236,20.23,0.662339,37.5326,56.2988,8.28266,4.17741,249.153,True,True,polish,0.25,True
,1.5,6.80625,0.505217,40,0.594796,0.612663,185.235,20.23,0.662444,37.5385,56.3077,8.27294,4.17963,249.271,True,True,polish,0.25,True
,1.5,6.83034,0.507643,40,0.594849,0.612658,185.233,20.23,0.66265,37.5502,56.3253,8.24634,4.18619,249.504,True,True,polish,0.25,True
,1.5,6.83025,0.507938,40,0.594878,0.612657,185.233,20.23,0.662496,37.5414,56.3122,8.24452,4.18771,249.33,True,True,polish,0.25,True
,1.5,6.8896,0.514145,40,0.594999,0.612644,185.229,20.23,0.662874,37.5628,56.3443,8.17816,4.20476,249.756,True,True,polish,0.25,True
,1.5,6.91653,0.517348,40,0.595106,0.612638,185.227,20.23,0.662844,37.5612,56.3417,8.14595,4.21429,249.723,True,True,polish,0.1,True
,1.5,6.9264,0.518319,40,0.595134,0.612636,185.227,20.23,0.662934,37.5662,56.3494,8.13545,4.21676,249.824,True,True,polish,0.25,True
,1.5,6.93848,0.519544,40,0.595137,0.612634,185.226,20.23,0.663025,37.5714,56.3571,8.1224,4.21994,249.927,True,True,polish,0.1,True
,1.5,6.93892,0.519768,40,0.59514,0.612633,185.226,20.23,0.662938,37.5665,56.3497,8.12082,4.22094,249.829,True,True,polish,0.1,True
,1.5,6.95556,0.52144,40,0.595153,0.612631,185.225,20.23,0.663069,37.5739,56.3609,8.10299,4.22523,249.977,True,True,polish,0.1,True
,1.5,6.95555,0.52144,40,0.595153,0.612631,185.225,20.23,0.663069,37.5739,56.3608,8.103,4.22523,249.977,True,True,polish,0.1,True
,1.5,6.95555,0.52144,40,0.595153,0.612631,185.225,20.23,0.663069,37.5739,56.3608,8.103,4.22523,249.977,True,True,polish,0.1,True
,1.5,6.95555,0.52144,40,0.595153,0.612631,185.225,20.23,0.663069,37.5739,56.3608,8.103,4.22523,249.977,True,True,polish,0.1,True
,1.5,6.95556,0.521441,40,0.595153,0.612631,185.225,20.23,0.663069,37.5739,56.3608,8.10299,4.22523,249.977,True,True,polish,0.1,True
,1.5,6.95556,0.521441,40,0.595153,0.612631,185.225,20.23,0.663069,37.5739,56.3608,8.10299,4.22523,249.977,True,True,polish,0.1,True
,1.5,6.95555,0.521441,40,0.595153,0.612631,185.225,20.23,0.663068,37.5739,56.3608,8.103,4.22523,249.976,True,True,polish,0.1,True
,1.5,6.95556,0.521442,40,0.595153,0.61263,185.225,20.23,0.663069,37.5739,56.3608,8.10298,4.22523,249.977,True,True,polish,0.1,True
,1.5,6.95557,0.521443,40,0.595153,0.61263,185.225,20.23,0.663069,37.5739,56.3608,8.10298,4.22524,249.977,True,True,polish,0.1,True
,1.5,6.95558,0.521443,40,0.595153,0.61263,185.225,20.23,0.663068,37.5739,56.3608,8.10297,4.22524,249.976,True,True,polish,0.1,True
,1.5,6.9556,0.521446,40,0.595153,0.61263,185.225,20.23,0.663069,37.5739,56.3608,8.10294,4.22525,249.977,True,True,polish,0.1,True
,1.5,6.95559,0.521446,40,0.595153,0.61263,185.225,20.23,0.663068,37.5739,56.3608,8.10295,4.22525,249.976,True,True,polish,0.1,True
,1.5,6.9556,0.521447,40,0.595154,0.61263,185.225,20.23,0.663068,37.5739,56.3608,8.10294,4.22525,249.976,True,True,polish,0.1,True
,1.5,6.95562,0.521449,40,0.595154,0.61263,185.225,20.23,0.663068,37.5739,56.3608,8.10291,4.22526,249.976,True,True,polish,0.1,True
,1.5,6.95565,0.521452,40,0.595154,0.61263,185.225,20.23,0.663068,37.5739,56.3608,8.10289,4.22526,249.976,True,True,polish,0.1,True
,1.5,6.95566,0.521453,40,0.595154,0.61263,185.225,20.23,0.663068,37.5739,56.3608,8.10287,4.22527,249.976,True,True,polish,0.1,True
,1.5,6.95565,0.521453,40,0.595154,0.61263,185.225,20.23,0.663068,37.5738,56.3608,8.10288,4.22527,249.976,True,True,polish,0.1,True
,1.5,6.9557,0.521457,40,0.595154,0.61263,185.225,20.23,0.663069,37.5739,56.3608,8.10283,4.22528,249.977,True,True,polish,0.1,True
,1.5,6.95572,0.52146,40,0.595154,0.61263,185.225,20.23,0.663068,37.5739,56.3608,8.1028,4.22529,249.976,True,True,polish,0.1,True
,1.5,6.95576,0.521465,40,0.595159,0.61263,185.225,20.23,0.663069,37.5739,56.3608,8.10275,4.2253,249.977,True,True,polish,0.1,True
,1.5,6.95579,0.52147,40,0.595159,0.61263,185.225,20.23,0.663068,37.5738,56.3608,8.10271,4.22532,249.976,True,True,polish,0.1,True
,1.5,6.95588,0.521478,40,0.595159,0.61263,185.225,20.23,0.663069,37.5739,56.3608,8.10262,4.22534,249.977,True,True,polish,0.1,True
,1.5,6.95726,0.521642,40,0.595162,0.61263,185.225,20.23,0.663067,37.5738,56.3607,8.10099,4.22582,249.975,True,True,polish,0.1,True
,1.5,6.9561,0.521504,40,0.595164,0.61263,185.225,20.23,0.663069,37.5739,56.3608,8.10236,4.22541,249.977,True,True,polish,0.1,True
,1.5,6.95615,0.521508,40,0.595167,0.61263,185.225,20.23,0.66307,37.5739,56.3609,8.10232,4.22542,249.978,True,True,polish,0.1,True
,1.5,6.95895,0.521845,40,0.595173,0.61263,185.225,20.23,0.663063,37.5736,56.3604,8.09898,4.22641,249.971,True,True,polish,0.1,True
,1.5,6.95914,0.52185,40,0.59518,0.61263,185.225,20.23,0.663072,37.5741,56.3611,8.09887,4.22639,249.981,True,True,polish,0.1,True
,1.5,6.95673,0.521576,40,0.59518,0.61263,185.225,20.23,0.663069,37.5739,56.3609,8.10164,4.22562,249.977,True,True,polish,0.1,True
,1.5,6.95929,0.52187,40,0.595184,0.612629,185.225,20.23,0.663071,37.574,56.361,8.09867,4.22645,249.979,True,True,polish,0.1,True
,1.5,6.95555,0.521439,40,0.595192,0.612629,185.225,20.23,0.663069,37.5739,56.3609,8.103,4.22523,249.977,True,True,polish,0.1,True
,1.5,6.95554,0.521439,40,0.595192,0.612629,185.225,20.23,0.663069,37.5739,56.3608,8.10301,4.22523,249.977,True,True,polish,0.1,True
,1.5,6.95554,0.521439,40,0.595192,0.612629,185.225,20.23,0.663068,37.5739,56.3608,8.10302,4.22523,249.977,True,True,polish,0.1,True
,1.5,6.95554,0.521439,40,0.595192,0.612629,185.225,20.23,0.663068,37.5739,56.3608,8.10301,4.22523,249.976,True,True,polish,0.1,True
,1.5,6.95555,0.52144,40,0.595192,0.612629,185.225,20.23,0.663069,37.5739,56.3608,8.103,4.22523,249.977,True,True,polish,0.1,True
,1.5,6.9616,0.522109,40,0.595192,0.612629,185.225,20.23,0.663085,37.5748,56.3622,8.09616,4.22708,249.995,True,True,polish,0.1,True
,1.5,6.96149,0.522368,40,0.595209,0.612628,185.225,20.23,0.662949,37.5671,56.3507,8.09463,4.22837,249.842,True,True,polish,0.1,True
,1.5,6.96422,0.522407,40,0.595218,0.612628,185.224,20.23,0.663089,37.575,56.3626,8.09316,4.22792,250,True,True,polish,0.1,True
,1.5,6.97027,0.523153,40,0.595227,0.612626,185.224,20.23,0.663066,37.5737,56.3606,8.08586,4.23014,249.974,True,True,polish,0.1,True
,1.5,6.97498,0.523683,40,0.595236,0.612626,185.224,20.23,0.663075,37.5742,56.3613,8.0805,4.23162,249.983,True,True,polish,0.1,True
,1.5,6.97263,0.523418,40,0.595245,0.612625,185.224,20.23,0.66307,37.574,56.361,8.08318,4.23088,249.979,True,True,polish,0.1,True
,1.5,6.97291,0.523803,40,0.595263,0.612625,185.224,20.23,0.662894,37.564,56.346,8.0807,4.23269,249.779,True,True,polish,0.1,True
,1.5,6.97852,0.524718,40,0.595307,0.612623,185.223,20.23,0.662761,37.5565,56.3347,8.07259,4.23583,249.629,True,True,polish,0.25,True
,1.5,6.98408,0.525242,40,0.595308,0.612622,185.223,20.23,0.662822,37.5599,56.3398,8.0669,4.23707,249.697,True,True,polish,0.25,True
,1.5,6.99029,0.525886,40,0.595334,0.612621,185.222,20.23,0.662859,37.562,56.343,8.06019,4.23874,249.74,True,True,polish,0.1,True
,1.5,6.99576,0.526675,40,0.595345,0.612619,185.222,20.23,0.662782,37.5576,56.3364,8.05294,4.24128,249.652,True,True,polish,0.1,True
,1.5,6.99642,0.527428,40,0.595448,0.612616,185.221,20.23,0.662443,37.5385,56.3077,8.04807,4.24478,249.27,True,True,polish,0.25,True
,1.5,7.01619,0.529057,40,0.595449,0.612614,185.22,20.23,0.662772,37.5571,56.3356,8.02937,4.24799,249.641,True,True,polish,0.1,True
,1.5,7.02203,0.530039,40,0.595468,0.612613,185.22,20.23,0.662618,37.5483,56.3225,8.02083,4.25135,249.467,True,True,polish,0.1,True
,1.5,7.02176,0.52999,40,0.595503,0.612612,185.22,20.23,0.662627,37.5488,56.3233,8.02124,4.25118,249.477,True,True,polish,0.1,True
,1.5,7.05103,0.533093,40,0.595543,0.612607,185.218,20.23,0.662763,37.5565,56.3348,7.98958,4.25919,249.631,True,True,polish,0.25,True
,1.5,7.09031,0.536992,40,0.595565,0.612601,185.216,20.23,0.663069,37.5739,56.3609,7.949,4.26855,249.977,True,True,polish,0.15,True
,1.5,7.09031,0.536992,40,0.595565,0.612601,185.216,20.23,0.663069,37.5739,56.3609,7.949,4.26855,249.977,True,True,polish,0.15,True
,1.5,7.09031,0.536993,40,0.595565,0.612601,185.216,20.23,0.663069,37.5739,56.3609,7.949,4.26855,249.977,True,True,polish,0.15,True
,1.5,7.09031,0.536993,40,0.595565,0.612601,185.216,20.23,0.663069,37.5739,56.3609,7.94899,4.26855,249.977,True,True,polish,0.15,True
,1.5,7.09031,0.536993,40,0.595565,0.612601,185.216,20.23,0.663069,37.5739,56.3608,7.94899,4.26855,249.977,True,True,polish,0.15,True
,1.5,7.09032,0.536994,40,0.595565,0.612601,185.216,20.23,0.663069,37.5739,56.3609,7.94898,4.26856,249.977,True,True,polish,0.15,True
,1.5,7.09032,0.536994,40,0.595565,0.612601,185.216,20.23,0.663069,37.5739,56.3609,7.94898,4.26856,249.977,True,True,polish,0.15,True
,1.5,7.09033,0.536995,40,0.595565,0.612601,185.216,20.23,0.663069,37.5739,56.3609,7.94898,4.26856,249.977,True,True,polish,0.15,True
,1.5,7.09033,0.536995,40,0.595565,0.612601,185.216,20.23,0.663069,37.5739,56.3609,7.94897,4.26856,249.977,True,True,polish,0.15,True
,1.5,7.09034,0.536996,40,0.595565,0.612601,185.216,20.23,0.663069,37.5739,56.3609,7.94896,4.26856,249.977,True,True,polish,0.15,True
,1.5,7.09035,0.536997,40,0.595565,0.612601,185.216,20.23,0.663069,37.5739,56.3609,7.94896,4.26856,249.977,True,True,polish,0.15,True
,1.5,7.09034,0.536997,40,0.595565,0.612601,185.216,20.23,0.663069,37.5739,56.3608,7.94896,4.26856,249.977,True,True,polish,0.15,True
,1.5,7.09036,0.536998,40,0.595565,0.612601,185.216,20.23,0.663069,37.5739,56.3608,7.94894,4.26857,249.977,True,True,polish,0.15,True
,1.5,7.09038,0.537,40,0.595565,0.612601,185.216,20.23,0.663069,37.5739,56.3608,7.94892,4.26857,249.977,True,True,polish,0.15,True
,1.5,7.09036,0.537,40,0.595565,0.612601,185.216,20.23,0.663068,37.5739,56.3608,7.94893,4.26857,249.976,True,True,polish,0.15,True
,1.5,7.09038,0.537001,40,0.595565,0.612601,185.216,20.23,0.663069,37.5739,56.3608,7.94891,4.26858,249.977,True,True,polish,0.15,True
,1.5,7.09036,0.537001,40,0.595565,0.612601,185.216,20.23,0.663068,37.5738,56.3608,7.94892,4.26858,249.976,True,True,polish,0.15,True
,1.5,7.09031,0.536992,40,0.595567,0.612601,185.216,20.23,0.663069,37.5739,56.3609,7.949,4.26855,249.977,True,True,polish,0.15,True
,1.5,7.09034,0.536994,40,0.595567,0.612601,185.216,20.23,0.663069,37.5739,56.3609,7.94898,4.26855,249.978,True,True,polish,0.15,True
,1.5,7.09034,0.536995,40,0.595567,0.612601,185.216,20.23,0.663069,37.5739,56.3609,7.94897,4.26856,249.978,True,True,polish,0.15,True
,1.5,7.0904,0.537003,40,0.595569,0.612601,185.216,20.23,0.663069,37.5739,56.3608,7.94889,4.26858,249.977,True,True,polish,0.15,True
,1.5,7.09041,0.537005,40,0.595569,0.612601,185.216,20.23,0.663069,37.5739,56.3608,7.94888,4.26859,249.977,True,True,polish,0.15,True
,1.5,7.09045,0.537009,40,0.59557,0.612601,185.216,20.23,0.663069,37.5739,56.3608,7.94884,4.2686,249.977,True,True,polish,0.15,True
,1.5,7.09042,0.537008,40,0.59557,0.612601,185.216,20.23,0.663068,37.5738,56.3608,7.94886,4.2686,249.976,True,True,polish,0.15,True
,1.5,7.09046,0.537011,40,0.59557,0.612601,185.216,20.23,0.663069,37.5739,56.3608,7.94882,4.2686,249.977,True,True,polish,0.15,True
,1.5,7.09053,0.537018,40,0.59557,0.612601,185.216,20.23,0.663069,37.5739,56.3608,7.94875,4.26862,249.977,True,True,polish,0.15,True
,1.5,7.09054,0.53702,40,0.59557,0.612601,185.216,20.23,0.663068,37.5739,56.3608,7.94873,4.26863,249.976,True,True,polish,0.15,True
,1.5,7.09049,0.537011,40,0.595572,0.612601,185.216,20.23,0.66307,37.574,56.361,7.9488,4.2686,249.978,True,True,polish,0.15,True
,1.5,7.0906,0.537026,40,0.595574,0.612601,185.216,20.23,0.663069,37.5739,56.3608,7.94867,4.26864,249.977,True,True,polish,0.15,True
,1.5,7.09074,0.537043,40,0.595575,0.612601,185.216,20.23,0.663068,37.5739,56.3608,7.94851,4.26869,249.976,True,True,polish,0.15,True
,1.5,7.09088,0.53706,40,0.59558,0.612601,185.216,20.23,0.663068,37.5739,56.3608,7.94835,4.26874,249.976,True,True,polish,0.15,True
,1.5,7.09567,0.537607,40,0.595582,0.6126,185.216,20.23,0.663069,37.5739,56.3609,7.943,4.27021,249.977,True,True,polish,0.2,True
,1.5,7.09567,0.537607,40,0.595582,0.6126,185.216,20.23,0.663069,37.5739,56.3609,7.94299,4.27021,249.977,True,True,polish,0.2,True
,1.5,7.09567,0.537607,40,0.595582,0.6126,185.216,20.23,0.663069,37.5739,56.3609,7.94299,4.27021,249.977,True,True,polish,0.2,True
,1.5,7.09567,0.537607,40,0.595582,0.6126,185.216,20.23,0.663069,37.5739,56.3608,7.94299,4.27021,249.977,True,True,polish,0.2,True
,1.5,7.09567,0.537608,40,0.595582,0.6126,185.216,20.23,0.663069,37.5739,56.3608,7.94299,4.27021,249.977,True,True,polish,0.2,True
,1.5,7.09569,0.537609,40,0.595582,0.6126,185.216,20.23,0.663069,37.5739,56.3609,7.94298,4.27021,249.977,True,True,polish,0.2,True
,1.5,7.09569,0.537609,40,0.595583,0.6126,185.216,20.23,0.663069,37.5739,56.3609,7.94297,4.27022,249.977,True,True,polish,0.2,True
,1.5,7.09569,0.537609,40,0.595583,0.6126,185.216,20.23,0.663069,37.5739,56.3608,7.94297,4.27022,249.977,True,True,polish,0.2,True
,1.5,7.0957,0.53761,40,0.595583,0.6126,185.216,20.23,0.663069,37.5739,56.3609,7.94296,4.27022,249.977,True,True,polish,0.2,True
,1.5,7.09568,0.537609,40,0.595583,0.6126,185.216,20.23,0.663069,37.5739,56.3608,7.94297,4.27022,249.977,True,True,polish,0.2,True
,1.5,7.09568,0.53761,40,0.595583,0.6126,185.216,20.23,0.663068,37.5739,56.3608,7.94297,4.27022,249.976,True,True,polish,0.2,True
,1.5,7.09567,0.53761,40,0.595583,0.6126,185.216,20.23,0.663068,37.5738,56.3608,7.94298,4.27022,249.976,True,True,polish,0.2,True
,1.5,7.09568,0.53761,40,0.595583,0.6126,185.216,20.23,0.663068,37.5738,56.3608,7.94297,4.27022,249.976,True,True,polish,0.2,True
,1.5,7.09567,0.537607,40,0.595585,0.6126,185.216,20.23,0.663069,37.5739,56.3609,7.943,4.27021,249.977,True,True,polish,0.2,True
,1.5,7.09568,0.537608,40,0.595585,0.6126,185.216,20.23,0.663069,37.5739,56.3609,7.94299,4.27021,249.977,True,True,polish,0.2,True
,1.5,7.09569,0.537608,40,0.595585,0.6126,185.216,20.23,0.663069,37.5739,56.3609,7.94298,4.27021,249.977,True,True,polish,0.2,True
,1.5,7.09569,0.537609,40,0.595585,0.6126,185.216,20.23,0.663069,37.5739,56.3609,7.94297,4.27021,249.977,True,True,polish,0.2,True
,1.5,7.09569,0.537609,40,0.595585,0.6126,185.216,20.23,0.663069,37.5739,56.3609,7.94297,4.27021,249.977,True,True,polish,0.2,True
,1.5,7.09571,0.537611,40,0.595585,0.6126,185.216,20.23,0.663069,37.5739,56.3609,7.94295,4.27022,249.977,True,True,polish,0.2,True
,1.5,7.09567,0.537616,40,0.595588,0.6126,185.216,20.23,0.663064,37.5737,56.3605,7.94294,4.27025,249.972,True,True,polish,0.2,True
,1.5,7.09569,0.537619,40,0.595588,0.6126,185.216,20.23,0.663064,37.5736,56.3605,7.94292,4.27026,249.972,True,True,polish,0.2,True
,1.5,7.09572,0.537624,40,0.595588,0.6126,185.216,20.23,0.663064,37.5736,56.3604,7.94287,4.27028,249.971,True,True,polish,0.2,True
,1.5,7.09571,0.537623,40,0.595591,0.6126,185.216,20.23,0.663063,37.5736,56.3604,7.94288,4.27028,249.971,True,True,polish,0.2,True
,1.5,7.09579,0.537629,40,0.595593,0.6126,185.216,20.23,0.663065,37.5737,56.3605,7.94281,4.27029,249.972,True,True,polish,0.2,True
,1.5,7.09588,0.537638,40,0.595593,0.6126,185.216,20.23,0.663065,37.5737,56.3605,7.94272,4.27031,249.973,True,True,polish,0.2,True
,1.5,7.0958,0.537634,40,0.595596,0.6126,185.216,20.23,0.663063,37.5736,56.3604,7.94277,4.27031,249.97,True,True,polish,0.2,True
,1.5,7.09586,0.537643,40,0.595596,0.6126,185.216,20.23,0.663062,37.5735,56.3603,7.9427,4.27034,249.969,True,True,polish,0.2,True
,1.5,7.09591,0.537648,40,0.595596,0.6126,185.216,20.23,0.663063,37.5735,56.3603,7.94264,4.27035,249.97,True,True,polish,0.2,True
,1.5,7.09598,0.537654,40,0.595598,0.6126,185.216,20.23,0.663063,37.5736,56.3604,7.94258,4.27036,249.971,True,True,polish,0.2,True
,1.5,7.09608,0.537663,40,0.595598,0.6126,185.216,20.23,0.663064,37.5736,56.3605,7.94248,4.27038,249.972,True,True,polish,0.2,True
,1.5,7.09597,0.537653,40,0.595601,0.6126,185.216,20.23,0.663063,37.5736,56.3604,7.94259,4.27036,249.97,True,True,polish,0.2,True
,1.5,7.0963,0.537683,40,0.595603,0.612599,185.216,20.23,0.663067,37.5738,56.3607,7.94227,4.27042,249.975,True,True,polish,0.2,True
,1.5,7.09929,0.538067,40,0.595606,0.612599,185.216,20.23,0.663047,37.5727,56.359,7.93868,4.27154,249.952,True,True,polish,0.2,True
,1.5,7.09788,0.537917,40,0.595617,0.612599,185.216,20.23,0.663041,37.5723,56.3585,7.94018,4.27116,249.946,True,True,polish,0.2,True
,1.5,7.10271,0.538468,40,0.595618,0.612598,185.215,20.23,0.663042,37.5724,56.3586,7.9348,4.27264,249.947,True,True,polish,0.2,True
,1.5,7.10248,0.538518,40,0.595638,0.612598,185.215,20.23,0.663004,37.5702,56.3554,7.9346,4.27293,249.904,True,True,polish,0.15,True
,1.5,7.10321,0.538804,40,0.595647,0.612597,185.215,20.23,0.662904,37.5645,56.3468,7.93258,4.27411,249.79,True,True,polish,0.2,True
,1.5,7.10401,0.538633,40,0.595655,0.612597,185.215,20.23,0.663035,37.572,56.3579,7.93325,4.27311,249.938,True,True,polish,0.2,True
,1.5,7.10466,0.538808,40,0.59566,0.612597,185.215,20.23,0.662984,37.5691,56.3536,7.93193,4.27379,249.881,True,True,polish,0.15,True
,1.5,7.10582,0.538991,40,0.595661,0.612597,185.215,20.23,0.662959,37.5677,56.3515,7.93033,4.27438,249.853,True,True,polish,0.2,True
,1.5,7.1148,0.539949,40,0.595665,0.612596,185.215,20.23,0.662994,37.5697,56.3545,7.92075,4.2768,249.893,True,True,polish,0.2,True
,1.5,7.11787,0.540181,40,0.595684,0.612595,185.214,20.23,0.663053,37.573,56.3595,7.91804,4.27717,249.96,True,True,polish,0.15,True
,1.5,7.12689,0.541429,40,0.595709,0.612593,185.214,20.23,0.662946,37.567,56.3504,7.90674,4.28094,249.838,True,True,polish,0.2,True
,1.5,7.1268,0.541279,40,0.595717,0.612593,185.214,20.23,0.663016,37.5709,56.3564,7.90766,4.28025,249.917,True,True,polish,0.15,True
,1.5,7.13212,0.54192,40,0.595728,0.612591,185.213,20.23,0.663,37.57,56.355,7.90157,4.28202,249.899,True,True,polish,0.15,True
,1.5,7.13289,0.542203,40,0.59576,0.612591,185.213,20.23,0.662903,37.5645,56.3467,7.89956,4.28317,249.789,True,True,polish,0.2,True
,1.5,7.13964,0.543173,40,0.595772,0.612589,185.213,20.23,0.662804,37.5589,56.3384,7.89092,4.28614,249.678,True,True,polish,0.2,True
,1.5,7.14642,0.543724,40,0.59578,0.612589,185.213,20.23,0.662915,37.5652,56.3478,7.88476,4.28713,249.803,True,True,polish,0.2,True
,1.5,7.14632,0.543878,40,0.595803,0.612588,185.212,20.23,0.662833,37.5605,56.3408,7.88389,4.28787,249.711,True,True,polish,0.15,True
,1.5,7.15049,0.544478,40,0.59582,0.612587,185.212,20.23,0.662772,37.5571,56.3356,7.87856,4.2897,249.641,True,True,polish,0.2,True
,1.5,7.15484,0.544841,40,0.595824,0.612586,185.212,20.23,0.662838,37.5608,56.3412,7.87456,4.29038,249.715,True,True,polish,0.15,True
,1.5,7.15021,0.544877,40,0.595871,0.612586,185.212,20.23,0.662558,37.5449,56.3174,7.87633,4.29163,249.399,True,True,polish,0.2,True
,1.5,7.16084,0.545856,40,0.595881,0.612584,185.211,20.23,0.662674,37.5515,56.3273,7.86602,4.29371,249.531,True,True,polish,0.15,True
,1.5,7.16829,0.546486,40,0.595887,0.612583,185.211,20.23,0.662783,37.5577,56.3366,7.85914,4.2949,249.654,True,True,polish,0.2,True
,1.5,7.19955,0.549833,40,0.595942,0.612578,185.209,20.23,0.662888,37.5636,56.3454,7.82625,4.30313,249.772,True,True,polish,0.2,True
,1.5,7.19642,0.55008,40,0.595992,0.612577,185.209,20.23,0.66259,37.5468,56.3201,7.82613,4.30499,249.436,True,True,polish,0.15,True
,1.5,7.21162,0.551764,40,0.596033,0.612574,185.208,20.23,0.662611,37.5479,56.3219,7.80989,4.30922,249.459,True,True,polish,0.2,True
,1.5,7.21265,0.552016,40,0.596049,0.612574,185.208,20.23,0.662544,37.5442,56.3163,7.80799,4.31013,249.384,True,True,polish,0.15,True
,1.5,7.23483,0.554215,40,0.596081,0.612571,185.207,20.23,0.662702,37.5531,56.3297,7.7859,4.31506,249.562,True,True,polish,0.15,True
,1.5,7.24076,0.55594,40,0.596207,0.612566,185.206,20.23,0.662183,37.5237,56.2856,7.77343,4.32156,248.976,True,True,polish,0.25,True
,1.5,7.2646,0.559995,40,0.596385,0.612559,185.204,20.23,0.661517,37.486,56.229,7.74013,4.33443,248.226,True,True,polish,0.2,True
,1.5,7.26171,0.560365,40,0.59647,0.612557,185.203,20.23,0.661175,37.4666,56.1998,7.73921,4.33678,247.841,True,True,polish,0.15,True
,1.5,7.35501,0.570557,40,0.596639,0.612544,185.199,20.23,0.661341,37.476,56.214,7.64296,4.36074,248.028,True,True,polish,0.15,True
,1.5,7.21123,0.564417,40,0.597274,0.612543,185.199,20.23,0.656387,37.1953,55.7929,7.73694,4.36686,242.496,True,True,polish,0.25,True
,1.5,7.31768,0.57797,40,0.597687,0.612524,185.193,20.23,0.655696,37.1561,55.7342,7.61637,4.40203,241.731,True,True,polish,0.25,True
,1.5,7.13965,0.573786,40,0.598858,0.612516,185.191,20.23,0.647885,36.7135,55.0702,7.71329,4.42578,233.194,True,True,polish,0.1,True
,1.5,7.27504,0.58713,40,0.598924,0.612504,185.187,20.23,0.648974,36.7752,55.1628,7.58248,4.4519,234.373,True,True,polish,0.25,True
,1.5,7.29326,0.588925,40,0.598965,0.612502,185.186,20.23,0.649114,36.7831,55.1747,7.56517,4.45532,234.524,True,True,polish,0.15,True
,1.5,10.3888,0.880796,40,0.599406,0.612378,185.149,20.23,0.663044,37.5725,56.3588,5.42494,4.77826,249.949,True,True,polish,0.05,True
,1.5,10.4469,0.886382,40,0.599413,0.612377,185.149,20.23,0.663069,37.5739,56.3609,5.39496,4.782,249.977,True,True,polish,0.05,True
,1.5,10.4469,0.886382,40,0.599413,0.612377,185.149,20.23,0.663069,37.5739,56.3608,5.39496,4.782,249.977,True,True,polish,0.05,True
,1.5,10.4469,0.886383,40,0.599413,0.612377,185.149,20.23,0.663069,37.5739,56.3608,5.39496,4.782,249.977,True,True,polish,0.05,True
,1.5,10.447,0.886385,40,0.599415,0.612377,185.149,20.23,0.663069,37.5739,56.3608,5.39495,4.782,249.977,True,True,polish,0.05,True
,1.5,10.447,0.886386,40,0.599415,0.612377,185.149,20.23,0.663069,37.5739,56.3608,5.39494,4.782,249.977,True,True,polish,0.05,True
,1.5,10.4472,0.886409,40,0.599417,0.612377,185.149,20.23,0.663069,37.5739,56.3608,5.39482,4.78202,249.977,True,True,polish,0.05,True
,1.5,10.4472,0.886408,40,0.599417,0.612377,185.149,20.23,0.663068,37.5738,56.3608,5.39483,4.78202,249.976,True,True,polish,0.05,True
,1.5,10.4472,0.886412,40,0.599418,0.612377,185.149,20.23,0.663069,37.5739,56.3608,5.3948,4.78202,249.977,True,True,polish,0.05,True
,1.5,10.4473,0.886416,40,0.599418,0.612377,185.149,20.23,0.663069,37.5739,56.3608,5.39478,4.78202,249.977,True,True,polish,0.05,True
,1.5,10.4473,0.886418,40,0.599418,0.612377,185.149,20.23,0.663069,37.5739,56.3608,5.39477,4.78202,249.977,True,True,polish,0.05,True
,1.5,10.4473,0.886422,40,0.599419,0.612377,185.149,20.23,0.663069,37.5739,56.3608,5.39475,4.78202,249.977,True,True,polish,0.05,True
,1.5,10.4474,0.886425,40,0.59942,0.612377,185.149,20.23,0.663069,37.5739,56.3608,5.39473,4.78203,249.977,True,True,polish,0.05,True
,1.5,10.4475,0.886433,40,0.59942,0.612377,185.149,20.23,0.663068,37.5739,56.3608,5.39469,4.78203,249.976,True,True,polish,0.05,True
,1.5,10.4438,0.886076,40,0.599425,0.612377,185.149,20.23,0.66307,37.574,56.3609,5.39658,4.78178,249.978,True,True,polish,0.05,True
,1.5,10.4479,0.886472,40,0.599426,0.612377,185.148,20.23,0.663069,37.5739,56.3608,5.39449,4.78206,249.977,True,True,polish,0.05,True
,1.5,10.448,0.886484,40,0.599428,0.612377,185.148,20.23,0.663069,37.5739,56.3609,5.39442,4.78207,249.977,True,True,polish,0.05,True
,1.5,10.448,0.886482,40,0.599429,0.612377,185.148,20.23,0.663071,37.574,56.361,5.39442,4.78206,249.979,True,True,polish,0.05,True
,1.5,10.4556,0.887228,40,0.59943,0.612376,185.148,20.23,0.663068,37.5739,56.3608,5.39047,4.78257,249.976,True,True,polish,0.05,True
,1.5,10.448,0.886489,40,0.59943,0.612376,185.148,20.23,0.663068,37.5739,56.3608,5.3944,4.78207,249.976,True,True,polish,0.05,True
,1.5,10.4481,0.886496,40,0.59943,0.612376,185.148,20.23,0.663068,37.5739,56.3608,5.39436,4.78207,249.977,True,True,polish,0.05,True
,1.5,10.4482,0.886503,40,0.599432,0.612376,185.148,20.23,0.663069,37.5739,56.3608,5.39432,4.78208,249.977,True,True,polish,0.05,True
,1.5,10.4483,0.88651,40,0.599434,0.612376,185.148,20.23,0.663069,37.5739,56.3609,5.39428,4.78208,249.977,True,True,polish,0.05,True
,1.5,10.4485,0.886531,40,0.599438,0.612376,185.148,20.23,0.66307,37.5739,56.3609,5.39416,4.78209,249.978,True,True,polish,0.05,True
,1.5,10.4488,0.886557,40,0.599442,0.612376,185.148,20.23,0.66307,37.574,56.3609,5.39403,4.78211,249.978,True,True,polish,0.05,True
,1.5,10.4492,0.886605,40,0.599445,0.612376,185.148,20.23,0.663068,37.5739,56.3608,5.39378,4.78215,249.976,True,True,polish,0.05,True
,1.5,10.4495,0.886629,40,0.599449,0.612375,185.148,20.23,0.663068,37.5738,56.3608,5.39365,4.78217,249.976,True,True,polish,0.05,True
,1.5,10.4496,0.886644,40,0.599451,0.612375,185.148,20.23,0.663068,37.5739,56.3608,5.39357,4.78218,249.976,True,True,polish,0.05,True
,1.5,10.4498,0.886659,40,0.599455,0.612375,185.148,20.23,0.663069,37.5739,56.3608,5.39349,4.78219,249.977,True,True,polish,0.05,True
,1.5,10.45,0.886672,40,0.599459,0.612375,185.148,20.23,0.66307,37.5739,56.3609,5.39341,4.78219,249.978,True,True,polish,0.05,True
,1.5,10.4463,0.886323,40,0.599459,0.612375,185.148,20.23,0.663069,37.5739,56.3608,5.39528,4.78196,249.977,True,True,polish,0.05,True
,1.5,10.4465,0.886338,40,0.599461,0.612375,185.148,20.23,0.663069,37.5739,56.3608,5.39519,4.78197,249.977,True,True,polish,0.05,True
,1.5,10.4466,0.886345,40,0.599463,0.612375,185.148,20.23,0.663069,37.5739,56.3608,5.39516,4.78197,249.977,True,True,polish,0.05,True
,1.5,10.4466,0.886347,40,0.599463,0.612375,185.148,20.23,0.663069,37.5739,56.3608,5.39515,4.78197,249.977,True,True,polish,0.05,True
,1.5,10.4467,0.886356,40,0.599463,0.612375,185.148,20.23,0.663069,37.5739,56.3609,5.3951,4.78198,249.977,True,True,polish,0.05,True
,1.5,10.4467,0.886357,40,0.599463,0.612375,185.148,20.23,0.663069,37.5739,56.3608,5.3951,4.78198,249.977,True,True,polish,0.05,True
,1.5,10.4467,0.886357,40,0.599465,0.612375,185.148,20.23,0.663069,37.5739,56.3608,5.39509,4.78198,249.977,True,True,polish,0.05,True
,1.5,10.4467,0.886359,40,0.599465,0.612375,185.148,20.23,0.663069,37.5739,56.3608,5.39508,4.78198,249.977,True,True,polish,0.05,True
,1.5,10.4468,0.886365,40,0.599465,0.612375,185.148,20.23,0.663069,37.5739,56.3608,5.39505,4.78198,249.977,True,True,polish,0.05,True
,1.5,10.4468,0.886364,40,0.599465,0.612375,185.148,20.23,0.663069,37.5739,56.3608,5.39505,4.78198,249.977,True,True,polish,0.05,True
,1.5,10.4468,0.886368,40,0.599465,0.612375,185.148,20.23,0.663069,37.5739,56.3608,5.39504,4.78199,249.977,True,True,polish,0.05,True
,1.5,10.4468,0.886368,40,0.599465,0.612375,185.148,20.23,0.663069,37.5739,56.3608,5.39504,4.78199,249.977,True,True,polish,0.05,True
,1.5,10.4468,0.886369,40,0.599465,0.612375,185.148,20.23,0.663069,37.5739,56.3608,5.39503,4.78199,249.977,True,True,polish,0.05,True
,1.5,10.4468,0.88637,40,0.599467,0.612375,185.148,20.23,0.663069,37.5739,56.3608,5.39502,4.78199,249.977,True,True,polish,0.05,True
,1.5,10.4468,0.886371,40,0.599467,0.612375,185.148,20.23,0.663069,37.5739,56.3608,5.39502,4.78199,249.977,True,True,polish,0.05,True
,1.5,10.4545,0.887122,40,0.599473,0.612375,185.148,20.23,0.663064,37.5737,56.3605,5.39105,4.78252,249.972,True,True,polish,0.05,True
,1.5,10.504,0.891943,40,0.599482,0.612375,185.148,20.23,0.663059,37.5734,56.3601,5.36557,4.78579,249.966,True,True,polish,0.05,True
