strategy,seed,round,trial,R_mm,H_mm,twist_deg,strut_d_mm,cable_d_mm,t180,e_reb_mJ,mass_g,print_scale,ok,hv,best_t180,best_e_reb_mJ
lhs,7,0,0,37.23954355558139,74.03164749865337,64.69368256639423,6.129132135001568,4.5763773413256095,0.6487757773207603,214.9534809339944,23.441639838201773,1.0371015445258807,True,0.5130528956687489,0.6487757773207603,214.9534809339944
lhs,7,0,1,36.71935273108489,72.49268707699225,66.86530175735248,7.533821761874659,5.398060072719186,0.6637239892193413,212.79642734410194,23.202703788251647,0.921906356751921,True,0.954049583055181,0.6487757773207603,212.79642734410194
lhs,7,0,2,36.12373648882529,106.83551998319336,48.60570045816208,6.592487282352892,3.867739704239031,0.7362909859353712,197.64490999261838,21.55216516044486,0.9543083526362309,True,2.9521864499172463,0.6487757773207603,197.64490999261838
lhs,7,0,3,38.51937610330229,75.2840273841189,76.8970423119847,11.062970128426473,3.4868777675220914,0.6823765476833472,176.2401397538894,19.240047332113342,0.8214918446537423,True,7.745895345746003,0.6487757773207603,176.2401397538894
lhs,7,0,4,29.076954709068502,62.555261064086324,70.43051155080775,8.492676332006436,5.2197444250851674,0.7092340411453114,203.50501585976218,22.183621289532407,0.9408239572878886,True,7.745895345746003,0.6487757773207603,176.2401397538894
lhs,7,0,5,39.36879632488693,91.2969360759371,50.0920358075635,7.228462290918165,5.255964052319478,0.668101234908799,210.9538067265079,23.003911426673167,0.8807746770773196,True,7.7721993313869895,0.6487757773207603,176.2401397538894
lhs,7,0,6,28.126302735252708,79.10067371940649,54.43133997161944,9.467932976002448,4.688053324938761,0.74799318151898,190.0538838049303,20.71817524014127,0.8545561257992332,True,7.7721993313869895,0.6487757773207603,176.2401397538894
lhs,7,0,7,25.749747198338753,60.875644013052494,75.55140639771992,7.028325378366375,4.308717980481845,0.7413600796723316,202.81529005897957,22.10408115839938,1.0884228724852392,True,7.7721993313869895,0.6487757773207603,176.2401397538894
lhs,7,0,8,36.555166956431755,108.7773164528044,43.878010211257305,10.69214162560569,4.48335297451788,0.7408172676951009,182.59521681547818,19.917015939527417,0.7249891188989706,True,7.7721993313869895,0.6487757773207603,176.2401397538894
lhs,7,1,9,33.02426210526589,93.2062561040791,40.50984019847057,11.415371293949942,3.7033792099518834,0.7227209976536055,174.69017845682419,19.060898593757354,0.7463526991584091,True,7.997636555798054,0.6487757773207603,174.69017845682419
lhs,7,1,10,28.599473308744102,67.50252212887887,62.15638706406055,11.602061366481546,4.852566920398736,0.720896553344638,184.17909385966436,20.086917462763196,0.8010333147967917,True,7.997636555798054,0.6487757773207603,174.69017845682419
lhs,7,1,11,38.27075011288731,101.92175263358462,72.91172647605521,6.836875352598129,3.445139465763152,0.7540573426104265,191.72622632139587,20.911893403641777,0.9776654912498536,True,7.997636555798054,0.6487757773207603,174.69017845682419
lhs,7,1,12,25.164559894237563,79.94722697112732,49.24838861798579,8.641535330138606,4.011089342556376,0.7679976641708616,186.5998049077887,20.342859168287895,0.9184688195237138,True,7.997636555798054,0.6487757773207603,174.69017845682419
lhs,7,1,13,34.90018168257103,83.0520856970778,76.55921767340917,10.505361991491863,3.054513608516953,0.7379675316225394,173.39089520922298,18.91784045471298,0.8362234045290422,True,8.166803843190719,0.6487757773207603,173.39089520922298
lhs,7,1,14,25.970097848911966,94.30497210905685,79.02880330427833,9.556297543610258,5.351971123902201,0.8340564083342117,195.42219697818894,21.287787232696765,0.798540487636604,True,8.166803843190719,0.6487757773207603,173.39089520922298
lhs,7,1,15,39.6478856996356,76.74312754007642,44.55120356867119,11.738380142023455,4.448231947655492,0.6136870410554963,180.34303697594905,19.695720510866614,0.7480371759149442,True,10.55969528776165,0.6136870410554963,173.39089520922298
lhs,7,1,16,32.00314021042986,107.3223532156326,66.05297056925859,10.136574583591848,4.188607160125246,0.8015565196947378,182.36954587518193,19.883785644620346,0.7665491226145057,True,10.55969528776165,0.6136870410554963,173.39089520922298
lhs,7,1,17,32.649345122823966,89.76431350767527,58.47079129318898,9.264840786307145,3.191702138008205,0.7449301234400149,176.89525669704935,19.299691008240117,0.8707730992589879,True,10.55969528776165,0.6136870410554963,173.39089520922298
lhs,7,2,18,27.90080946387865,83.78302943318157,60.59141087020656,10.40872746679771,3.8109608812652622,0.7739355722457194,178.53557416610525,19.471855627419284,0.8238432858356775,True,10.55969528776165,0.6136870410554963,173.39089520922298
lhs,7,2,19,30.52028128339378,66.90944879055311,57.36423858603867,9.994941617602649,4.935910270680208,0.685736600971489,191.3346574337409,20.86825905317398,0.8577892939971687,True,10.55969528776165,0.6136870410554963,173.39089520922298
lhs,7,2,20,33.34702156858443,81.30866565272429,51.74642194845613,11.246043315348253,3.3560549160718907,0.7027374357624349,173.28018740486226,18.912127966907278,0.7916248819971728,True,10.654757363173786,0.6136870410554963,173.28018740486226
lhs,7,2,21,29.43991222208499,88.34681808015317,47.018128474067176,11.94076437049608,4.977840382882222,0.7547494285371132,182.54519285634214,19.903427487689967,0.7237062183764122,True,10.654757363173786,0.6136870410554963,173.28018740486226
lhs,7,2,22,35.51448025696728,69.84836206390202,72.05437524658132,8.177763434615429,3.971862578762817,0.6723145329874977,192.12103859312955,20.966524427327688,0.9706121687042637,True,10.654757363173786,0.6136870410554963,173.28018740486226
lhs,7,2,23,31.352926040167603,99.15204606900383,55.40359549828602,7.9301827248478025,5.0267183140281215,0.7696731728482635,201.8397033873439,21.995539211392828,0.8556753183859428,True,10.654757363173786,0.6136870410554963,173.28018740486226
lhs,7,2,24,39.16072033763141,103.57158062796348,68.00775149100218,6.414499402862965,3.29681601246173,0.7416426976142226,192.5147249180879,20.99945083815859,1.0085457428671538,True,10.654757363173786,0.6136870410554963,173.28018740486226
lhs,7,2,25,30.32232354887619,86.1131650722324,59.59652561049961,6.3034323287388085,4.0870790667283,0.7477655601196024,203.79174290946997,22.215028877098305,1.0343827779742172,True,10.654757363173786,0.6136870410554963,173.28018740486226
lhs,7,2,26,34.188281641078824,105.03703789220677,69.62214659175461,10.954745896698537,3.6283305909230887,0.78859392988783,175.7442321773003,19.16735396829505,0.748824338237605,True,10.654757363173786,0.6136870410554963,173.28018740486226
lhs,7,3,27,35.231467412647035,72.52722951266584,56.09386370099303,9.079805645162295,4.7432957969641665,0.655501563077245,194.22844939078422,21.19311265048347,0.8755003227456956,True,10.654757363173786,0.6136870410554963,173.28018740486226
lhs,7,3,28,26.77384690907707,64.74909324464886,62.859278329070825,8.85363535676362,3.5964134618120216,0.7233492970641473,182.91598580358385,19.957167229800817,0.9782766938135281,True,10.654757363173786,0.6136870410554963,173.28018740486226
lhs,7,3,29,30.865516843263137,64.07122867760853,78.41111459788759,7.4134141966870235,4.114518180862372,0.7085575638647161,198.70679100648996,21.66880191608477,1.0478442293827377,True,10.654757363173786,0.6136870410554963,173.28018740486226
lhs,7,3,30,37.81208364722302,86.65827896213597,41.47058755555712,8.713819015953145,3.0951651261916524,0.6539763249355844,177.66556077045206,19.392202898965003,0.894687973960686,True,10.730798283811735,0.6136870410554963,173.28018740486226
lhs,7,3,31,26.261849704807673,69.26016463998427,64.00191604480071,8.132848041297747,3.2742566628283143,0.7463499386994994,182.24936880024563,19.881276900536037,1.0190986608235104,True,10.730798283811735,0.6136870410554963,173.28018740486226
lhs,7,3,32,27.41128825209361,100.39518833732791,73.51092353649068,9.81459904308457,4.624737567686329,0.8268442889901103,187.3550962743193,20.417173291475766,0.7905334610530039,True,10.730798283811735,0.6136870410554963,173.28018740486226
lhs,7,3,33,33.967001460462654,96.67404879098851,45.934138881545486,7.782223418185188,4.322128413559968,0.7270048035467422,194.91080277320142,21.255669219058724,0.8899787634617476,True,10.730798283811735,0.6136870410554963,173.28018740486226
lhs,7,3,34,29.8058999853912,95.23874881268762,52.627526462333655,10.302685100581717,5.495703790405807,0.7742149905128484,192.91302094004547,21.022645952736617,0.7543986789818063,True,10.730798283811735,0.6136870410554963,173.28018740486226
lhs,7,3,35,32.328534656875846,97.82773598827991,42.42753134634248,6.7116684584996555,5.144916322741304,0.7315431074678677,212.15452697736384,23.121891952746488,0.9086747444007551,True,10.730798283811735,0.6136870410554963,173.28018740486226
